Restaurant Name,Email,URL
The Banc Dubai,reservations@thebanc.ae,https://tripadvisor.com/Restaurant_Review-g295424-d32976128-Reviews-The_Banc_Dubai-Dubai_Emirate_of_Dubai.html
Swiss Butter,info@swissbutter.com,https://tripadvisor.com/Restaurant_Review-g295424-d23822191-Reviews-Swiss_Butter-Dubai_Emirate_of_Dubai.html
Hurricane's Grill Dubai Mall,david.luis@regulusrestaurants.ae,https://tripadvisor.com/Restaurant_Review-g295424-d15325425-Reviews-Hurricane_s_Grill_Dubai_Mall-Dubai_Emirate_of_Dubai.html
Al Khayma Heritage Restaurant & Cafe,hi@alkhayma.com,https://tripadvisor.com/Restaurant_Review-g295424-d23007236-Reviews-Al_Khayma_Heritage_Restaurant_Cafe-Dubai_Emirate_of_Dubai.html
Above Eleven,reservations@aboveelevendubai.com,https://tripadvisor.com/Restaurant_Review-g295424-d25048570-Reviews-Above_Eleven-Dubai_Emirate_of_Dubai.html
Meat Co Souk Madinat,reservations.smj@themeatco.com,https://tripadvisor.com/Restaurant_Review-g295424-d949543-Reviews-Meat_Co_Souk_Madinat-Dubai_Emirate_of_Dubai.html
Pai Thai,restaurants@jumeirah.com,https://tripadvisor.com/Restaurant_Review-g295424-d1122401-Reviews-Pai_Thai-Dubai_Emirate_of_Dubai.html
Jun's,reservations@junsdubai.com,https://tripadvisor.com/Restaurant_Review-g295424-d24174515-Reviews-Jun_s-Dubai_Emirate_of_Dubai.html
Doors Dubai Mall,cac@doorsdubai.com,https://tripadvisor.com/Restaurant_Review-g295424-d26969519-Reviews-Doors_Dubai_Mall-Dubai_Emirate_of_Dubai.html
Saffron,atp-restaurant-rsvn@atlantisdubai.com,https://tripadvisor.com/Restaurant_Review-g295424-d1656442-Reviews-Saffron-Dubai_Emirate_of_Dubai.html
"The Tap House, Downtown",infosab@thetaphouse.ae,https://tripadvisor.com/Restaurant_Review-g295424-d25192984-Reviews-The_Tap_House_Downtown-Dubai_Emirate_of_Dubai.html
Yara Jumeirah,reservations@yaradubai.com,https://tripadvisor.com/Restaurant_Review-g295424-d26551270-Reviews-Yara_Jumeirah-Dubai_Emirate_of_Dubai.html
The Meat Co,reservations.sab@themeatco.com,https://tripadvisor.com/Restaurant_Review-g295424-d3920870-Reviews-The_Meat_Co-Dubai_Emirate_of_Dubai.html
Brass Monkey - City Walk,reservations.cw@brassmonkeysocial.com,https://tripadvisor.com/Restaurant_Review-g295424-d26997931-Reviews-Brass_Monkey_City_Walk-Dubai_Emirate_of_Dubai.html
Bebek Restaurant & Lounge,info@bebekrestaurant.ae,https://tripadvisor.com/Restaurant_Review-g295424-d25316862-Reviews-Bebek_Restaurant_Lounge-Dubai_Emirate_of_Dubai.html
OCCO Restaurant - Business Bay,,https://tripadvisor.com/Restaurant_Review-g295424-d33320602-Reviews-OCCO_Restaurant_Business_Bay-Dubai_Emirate_of_Dubai.html
OCCO Restaurant,,https://tripadvisor.com/Restaurant_Review-g295424-d27686640-Reviews-OCCO_Restaurant-Dubai_Emirate_of_Dubai.html
Kitchen Connection,restaurants@jumeirah.com,https://tripadvisor.com/Restaurant_Review-g295424-d15325604-Reviews-Kitchen_Connection-Dubai_Emirate_of_Dubai.html
Al Nafoorah - Jumeirah Al Qasr,restaurants@jumeirah.com,https://tripadvisor.com/Restaurant_Review-g295424-d23817537-Reviews-Al_Nafoorah_Jumeirah_Al_Qasr-Dubai_Emirate_of_Dubai.html
Sallet Al Sayad Seafood Restaurant,info@salletalsayad.com,https://tripadvisor.com/Restaurant_Review-g295424-d8740254-Reviews-Sallet_Al_Sayad_Seafood_Restaurant-Dubai_Emirate_of_Dubai.html
Buddha-Bar,resbook.grosvenorhouse@luxurycollection.com,https://tripadvisor.com/Restaurant_Review-g295424-d1510514-Reviews-Buddha_Bar-Dubai_Emirate_of_Dubai.html
Sardina Seafood Restaurant,info@sardina.ae,https://tripadvisor.com/Restaurant_Review-g295424-d13483392-Reviews-Sardina_Seafood_Restaurant-Dubai_Emirate_of_Dubai.html
Naughty Pizza Dubai,dxb@naughty.pizza,https://tripadvisor.com/Restaurant_Review-g295424-d25271660-Reviews-Naughty_Pizza_Dubai-Dubai_Emirate_of_Dubai.html
Smoki Moto,reservations@smokimotodubai.com,https://tripadvisor.com/Restaurant_Review-g295424-d27128099-Reviews-Smoki_Moto-Dubai_Emirate_of_Dubai.html
Indish Indian Restaurant,gkonweb@gmail.com,https://tripadvisor.com/Restaurant_Review-g295424-d34035666-Reviews-Indish_Indian_Restaurant-Dubai_Emirate_of_Dubai.html
White Orchid Restaurant,restaurant.reservation@jaresorts.com,https://tripadvisor.com/Restaurant_Review-g295424-d3921044-Reviews-White_Orchid_Restaurant-Dubai_Emirate_of_Dubai.html
Vera Versilia,reservations@veraversilia.ae,https://tripadvisor.com/Restaurant_Review-g295424-d33272258-Reviews-Vera_Versilia-Dubai_Emirate_of_Dubai.html
Amaya Dubai Mall - Best Shisha Lounge & Restaurant,INFO@AMAYAINTL.COM,https://tripadvisor.com/Restaurant_Review-g295424-d24994243-Reviews-Amaya_Dubai_Mall_Best_Shisha_Lounge_Restaurant-Dubai_Emirate_of_Dubai.html
Chaplin Dubai,chaplin@chaplinuae.com,https://tripadvisor.com/Restaurant_Review-g295424-d22995246-Reviews-Chaplin_Dubai-Dubai_Emirate_of_Dubai.html
Silk Lantern,reserve@silklantern.ae,https://tripadvisor.com/Restaurant_Review-g295424-d34030141-Reviews-Silk_Lantern-Dubai_Emirate_of_Dubai.html
Izel Lounge,reservation@izellounge.com,https://tripadvisor.com/Restaurant_Review-g295424-d32874715-Reviews-Izel_Lounge-Dubai_Emirate_of_Dubai.html
Tortilla - Gate Avenue,customercare@eathos.net,https://tripadvisor.com/Restaurant_Review-g295424-d20900593-Reviews-Tortilla_Gate_Avenue-Dubai_Emirate_of_Dubai.html
Little Miss India,Palm.Dining@Fairmont.com,https://tripadvisor.com/Restaurant_Review-g295424-d13005029-Reviews-Little_Miss_India-Dubai_Emirate_of_Dubai.html
ZETA Seventy Seven,quality.abr@addresshotels.com,https://tripadvisor.com/Restaurant_Review-g295424-d21494992-Reviews-ZETA_Seventy_Seven-Dubai_Emirate_of_Dubai.html
CÉ LA VI Dubai,alexander.levashov@celavi.com,https://tripadvisor.com/Restaurant_Review-g295424-d19356940-Reviews-CE_LA_VI_Dubai-Dubai_Emirate_of_Dubai.html
The Edge,atp-restaurant-rsvn1@atlantisthepalm.com,https://tripadvisor.com/Restaurant_Review-g295424-d3920824-Reviews-The_Edge-Dubai_Emirate_of_Dubai.html
Brass Monkey - Bluewaters,reservations@brassmonkeysocial.com,https://tripadvisor.com/Restaurant_Review-g295424-d21324809-Reviews-Brass_Monkey_Bluewaters-Dubai_Emirate_of_Dubai.html
Arabian Tea House Restaurant & Cafe - Al Fahidi,branch01@arabianteahouse.com,https://tripadvisor.com/Restaurant_Review-g295424-d940601-Reviews-Arabian_Tea_House_Restaurant_Cafe_Al_Fahidi-Dubai_Emirate_of_Dubai.html
Al Hadheerah,restaurants@babalshams.com,https://tripadvisor.com/Restaurant_Review-g295424-d1443220-Reviews-Al_Hadheerah-Dubai_Emirate_of_Dubai.html
Awtar,,https://tripadvisor.com/Restaurant_Review-g295424-d3918483-Reviews-Awtar-Dubai_Emirate_of_Dubai.html
Creek City Restaurant,creekcityuae.info@gmail.com,https://tripadvisor.com/Restaurant_Review-g295424-d25285247-Reviews-Creek_City_Restaurant-Dubai_Emirate_of_Dubai.html
SIKKA Cafe - La Mer,restaurants@saroodhospitality.com,https://tripadvisor.com/Restaurant_Review-g295424-d14932444-Reviews-SIKKA_Cafe_La_Mer-Dubai_Emirate_of_Dubai.html
Sansation DIFC,,https://tripadvisor.com/Restaurant_Review-g295424-d33230504-Reviews-Sansation_DIFC-Dubai_Emirate_of_Dubai.html
Anwā,bas.restaurants@babalshams.com,https://tripadvisor.com/Restaurant_Review-g295424-d3918371-Reviews-Anwa-Dubai_Emirate_of_Dubai.html
Jospereno Steakhouse & Restaurant,hello@jospereno.com,https://tripadvisor.com/Restaurant_Review-g295424-d28863123-Reviews-Jospereno_Steakhouse_Restaurant-Dubai_Emirate_of_Dubai.html
Jade,fpjd.dining@fivehotelsandresorts.com,https://tripadvisor.com/Restaurant_Review-g295424-d29335055-Reviews-Jade-Dubai_Emirate_of_Dubai.html
Seafire Steakhouse,,https://tripadvisor.com/Restaurant_Review-g295424-d1853089-Reviews-Seafire_Steakhouse-Dubai_Emirate_of_Dubai.html
Ayamna,atp-ayamna@atlantisdubai.com,https://tripadvisor.com/Restaurant_Review-g295424-d10165445-Reviews-Ayamna-Dubai_Emirate_of_Dubai.html
Gastronomy,theroyal.reservations@atlantisdubai.com,https://tripadvisor.com/Restaurant_Review-g295424-d25245728-Reviews-Gastronomy-Dubai_Emirate_of_Dubai.html
Sette,restaurant.reservation@jaresorts.com,https://tripadvisor.com/Restaurant_Review-g295424-d19939225-Reviews-Sette-Dubai_Emirate_of_Dubai.html
Varq,varq.exoticadubai@tajhotels.com,https://tripadvisor.com/Restaurant_Review-g295424-d23838302-Reviews-Varq-Dubai_Emirate_of_Dubai.html
Bull & Bear DIFC,bullandbear@waldorfastoria.com,https://tripadvisor.com/Restaurant_Review-g295424-d17728145-Reviews-Bull_Bear_DIFC-Dubai_Emirate_of_Dubai.html
TakaHisa Japanese Restaurant | Downtown,reservations.downtown@takahisa.ae,https://tripadvisor.com/Restaurant_Review-g295424-d34120528-Reviews-TakaHisa_Japanese_Restaurant_Downtown-Dubai_Emirate_of_Dubai.html
Long island,info@longisland.ae,https://tripadvisor.com/Restaurant_Review-g295424-d34380246-Reviews-Long_island-Dubai_Emirate_of_Dubai.html
Huqqabaz Souk Al Bahar,,https://tripadvisor.com/Restaurant_Review-g295424-d33239902-Reviews-Huqqabaz_Souk_Al_Bahar-Dubai_Emirate_of_Dubai.html
Puffin Chimney Cakes & Gelato,info@puffin.ae,https://tripadvisor.com/Restaurant_Review-g295424-d25156936-Reviews-Puffin_Chimney_Cakes_Gelato-Dubai_Emirate_of_Dubai.html
Shawafel,atp-restaurant-rsvn@atlantisdubai.com,https://tripadvisor.com/Restaurant_Review-g295424-d8389322-Reviews-Shawafel-Dubai_Emirate_of_Dubai.html
Fish Hut Restaurant,fishhutbarsha@gmail.com,https://tripadvisor.com/Restaurant_Review-g295424-d11615000-Reviews-Fish_Hut_Restaurant-Dubai_Emirate_of_Dubai.html
The Shore,atp-restaurant-rsvn@atlantisdubai.com,https://tripadvisor.com/Restaurant_Review-g295424-d3920907-Reviews-The_Shore-Dubai_Emirate_of_Dubai.html
Bombay Brasserie,mayank.thapliyal@tajhotels.com,https://tripadvisor.com/Restaurant_Review-g295424-d8091861-Reviews-Bombay_Brasserie-Dubai_Emirate_of_Dubai.html
Swiss Butter,info@swissbutter.com,https://tripadvisor.com/Restaurant_Review-g295424-d20278394-Reviews-Swiss_Butter-Dubai_Emirate_of_Dubai.html
Thiptara,dineatpalacedowntown@addresshotels.com,https://tripadvisor.com/Restaurant_Review-g295424-d3926429-Reviews-Thiptara-Dubai_Emirate_of_Dubai.html
Nobu Dubai,restaurantreservations@atlantisthepalm.com,https://tripadvisor.com/Restaurant_Review-g295424-d1177399-Reviews-Nobu_Dubai-Dubai_Emirate_of_Dubai.html
Mama Zonia,reservations@mamazonia.com,https://tripadvisor.com/Restaurant_Review-g295424-d15617202-Reviews-Mama_Zonia-Dubai_Emirate_of_Dubai.html
The Grill Shack,info@thegrilllshack.com,https://tripadvisor.com/Restaurant_Review-g295424-d13455740-Reviews-The_Grill_Shack-Dubai_Emirate_of_Dubai.html
Hurricane's Grill & Bar The Beach,,https://tripadvisor.com/Restaurant_Review-g295424-d23917106-Reviews-Hurricane_s_Grill_Bar_The_Beach-Dubai_Emirate_of_Dubai.html
Sonamu - Korean BBQ Restaurant,resturantreservations@asianahoteldubai.com,https://tripadvisor.com/Restaurant_Review-g295424-d2224758-Reviews-Sonamu_Korean_BBQ_Restaurant-Dubai_Emirate_of_Dubai.html
The Noodle House - JBR,sherwin.fernandez@saroodhospitality.com,https://tripadvisor.com/Restaurant_Review-g295424-d19319288-Reviews-The_Noodle_House_JBR-Dubai_Emirate_of_Dubai.html
Asia Asia Pier 7,info@asia-asia.com,https://tripadvisor.com/Restaurant_Review-g295424-d6956894-Reviews-Asia_Asia_Pier_7-Dubai_Emirate_of_Dubai.html
Joe's Cafe,joescafedubai@binhendiholding.com,https://tripadvisor.com/Restaurant_Review-g295424-d3184074-Reviews-Joe_s_Cafe-Dubai_Emirate_of_Dubai.html
Tong Thai,,https://tripadvisor.com/Restaurant_Review-g295424-d4307602-Reviews-Tong_Thai-Dubai_Emirate_of_Dubai.html
CLAW BBQ The Palm,dxbpj.clawbbq2@hilton.com,https://tripadvisor.com/Restaurant_Review-g295424-d25379496-Reviews-CLAW_BBQ_The_Palm-Dubai_Emirate_of_Dubai.html
La Petite Maison Dubai,marketing@lpmdubai.ae,https://tripadvisor.com/Restaurant_Review-g295424-d2139844-Reviews-La_Petite_Maison_Dubai-Dubai_Emirate_of_Dubai.html
Rohini Indian Restaurant And Bar,Anurag.Arya@movenpick.com,https://tripadvisor.com/Restaurant_Review-g295424-d26787260-Reviews-Rohini_Indian_Restaurant_And_Bar-Dubai_Emirate_of_Dubai.html
Bussola,03034.restaurants@westin.com,https://tripadvisor.com/Restaurant_Review-g295424-d1081131-Reviews-Bussola-Dubai_Emirate_of_Dubai.html
The Pods,bookings@thepods.ae,https://tripadvisor.com/Restaurant_Review-g295424-d24043528-Reviews-The_Pods-Dubai_Emirate_of_Dubai.html
The Penthouse Dubai,fpjd.dining@fivehotelsandresorts.com,https://tripadvisor.com/Restaurant_Review-g295424-d13426455-Reviews-The_Penthouse_Dubai-Dubai_Emirate_of_Dubai.html
Zuma Dubai,reservations@zumarestaurant.ae,https://tripadvisor.com/Restaurant_Review-g295424-d1382620-Reviews-Zuma_Dubai-Dubai_Emirate_of_Dubai.html
Ahlan Lounge @ Gate A1,ahlanlounge.ca@dihdxb.ae,https://tripadvisor.com/Restaurant_Review-g295424-d26635290-Reviews-Ahlan_Lounge_Gate_A1-Dubai_Emirate_of_Dubai.html
Akira Back,wpalmdining@whotelsworldwide.com,https://tripadvisor.com/Restaurant_Review-g295424-d16154125-Reviews-Akira_Back-Dubai_Emirate_of_Dubai.html
Kinara by Vikas Khanna,restaurant.reservation@jaresorts.com,https://tripadvisor.com/Restaurant_Review-g295424-d18856876-Reviews-Kinara_by_Vikas_Khanna-Dubai_Emirate_of_Dubai.html
Tribes Dubai,infodm@tribesrestaurant.com,https://tripadvisor.com/Restaurant_Review-g295424-d11948587-Reviews-Tribes_Dubai-Dubai_Emirate_of_Dubai.html
Fi'lia at SLS Dubai,filia.dubai@slshotels.com,https://tripadvisor.com/Restaurant_Review-g295424-d23309116-Reviews-Fi_lia_at_SLS_Dubai-Dubai_Emirate_of_Dubai.html
Asia Republic,DXB-Restaurant-RSVN@atlantisthepalm.com,https://tripadvisor.com/Restaurant_Review-g295424-d3925082-Reviews-Asia_Republic-Dubai_Emirate_of_Dubai.html
Clay Dubai,reservations@claydubai.com,https://tripadvisor.com/Restaurant_Review-g295424-d23785431-Reviews-Clay_Dubai-Dubai_Emirate_of_Dubai.html
At.mosphere,headhostess@atmosphereburjkhalifa.com,https://tripadvisor.com/Restaurant_Review-g295424-d2091048-Reviews-At_mosphere-Dubai_Emirate_of_Dubai.html
Masala Wok Restaurant,masalawokuae@gmail.com,https://tripadvisor.com/Restaurant_Review-g295424-d12838759-Reviews-Masala_Wok_Restaurant-Dubai_Emirate_of_Dubai.html
Nobu By The Beach,nobubythebeach@atlantisdubai.com,https://tripadvisor.com/Restaurant_Review-g295424-d25245618-Reviews-Nobu_By_The_Beach-Dubai_Emirate_of_Dubai.html
Jones The Grocer,manager.thepalm@jonesthegrocer.com,https://tripadvisor.com/Restaurant_Review-g295424-d20306715-Reviews-Jones_The_Grocer-Dubai_Emirate_of_Dubai.html
CQ French Brasserie - JLT,jlt@cqbrasserie.com,https://tripadvisor.com/Restaurant_Review-g295424-d10336417-Reviews-CQ_French_Brasserie_JLT-Dubai_Emirate_of_Dubai.html
Karachi Grill Restaurant,info@karachigrilluae.com,https://tripadvisor.com/Restaurant_Review-g295424-d12871153-Reviews-Karachi_Grill_Restaurant-Dubai_Emirate_of_Dubai.html
Level 43 Sky Lounge,lincy.victor@marriott.com,https://tripadvisor.com/Restaurant_Review-g295424-d3403341-Reviews-Level_43_Sky_Lounge-Dubai_Emirate_of_Dubai.html
The Noodle House - City Walk,restaurants@saroodhospitality.com,https://tripadvisor.com/Restaurant_Review-g295424-d25093242-Reviews-The_Noodle_House_City_Walk-Dubai_Emirate_of_Dubai.html
SUSHISAMBA Dubai,info@sushisambadubai.com,https://tripadvisor.com/Restaurant_Review-g295424-d23705198-Reviews-SUSHISAMBA_Dubai-Dubai_Emirate_of_Dubai.html
Seafood Market,Restaurants.lmd@lemeridien.com,https://tripadvisor.com/Restaurant_Review-g295424-d1637446-Reviews-Seafood_Market-Dubai_Emirate_of_Dubai.html
Graze Gastro Grill,laville.dining@autographhotels.com,https://tripadvisor.com/Restaurant_Review-g295424-d12365282-Reviews-Graze_Gastro_Grill-Dubai_Emirate_of_Dubai.html
Yvonne,contact@yvonne.ae,https://tripadvisor.com/Restaurant_Review-g295424-d26260095-Reviews-Yvonne-Dubai_Emirate_of_Dubai.html
The Cheesecake Factory,ccf.dxbmall-uae@alshaya.com,https://tripadvisor.com/Restaurant_Review-g295424-d3421508-Reviews-The_Cheesecake_Factory-Dubai_Emirate_of_Dubai.html
Social,dxbpd.fbreservation@waldorfastoria.com,https://tripadvisor.com/Restaurant_Review-g295424-d6154951-Reviews-Social-Dubai_Emirate_of_Dubai.html
Shimmers,restaurants@jumeirah.com,https://tripadvisor.com/Restaurant_Review-g295424-d3379568-Reviews-Shimmers-Dubai_Emirate_of_Dubai.html
LaCochi Restaurant - Dubai,info@lacochi.com,https://tripadvisor.com/Restaurant_Review-g295424-d34336330-Reviews-LaCochi_Restaurant_Dubai-Dubai_Emirate_of_Dubai.html
Praia Dubai,rsvp@praiadubai.com,https://tripadvisor.com/Restaurant_Review-g295424-d13737499-Reviews-Praia_Dubai-Dubai_Emirate_of_Dubai.html
Izakaya,mhrs.dxbjw.restaurant.reservation@marriott.com,https://tripadvisor.com/Restaurant_Review-g295424-d3874563-Reviews-Izakaya-Dubai_Emirate_of_Dubai.html
Flavours Of India,dining@ramadajbr.com,https://tripadvisor.com/Restaurant_Review-g295424-d23741402-Reviews-Flavours_Of_India-Dubai_Emirate_of_Dubai.html
Ossiano,reservations@ossianorestaurant.com,https://tripadvisor.com/Restaurant_Review-g295424-d1739356-Reviews-Ossiano-Dubai_Emirate_of_Dubai.html
Ronin,flh.guestexperience@fivehotelsandresorts.com,https://tripadvisor.com/Restaurant_Review-g295424-d27422303-Reviews-Ronin-Dubai_Emirate_of_Dubai.html
Kimura-ya Authentic Japanese Restaurant,kimura-ya@kimuraya-dubai.com,https://tripadvisor.com/Restaurant_Review-g295424-d21248629-Reviews-Kimura_ya_Authentic_Japanese_Restaurant-Dubai_Emirate_of_Dubai.html
Fish Beach Taverna,03034.restaurants@westin.com,https://tripadvisor.com/Restaurant_Review-g295424-d11671475-Reviews-Fish_Beach_Taverna-Dubai_Emirate_of_Dubai.html
Indego by Vineet,resbook.grosvenorhouse@luxurycollection.com,https://tripadvisor.com/Restaurant_Review-g295424-d1584585-Reviews-Indego_by_Vineet-Dubai_Emirate_of_Dubai.html
La Sirene,lasirene.vpvd@avanihotels.com,https://tripadvisor.com/Restaurant_Review-g295424-d25416062-Reviews-La_Sirene-Dubai_Emirate_of_Dubai.html
McGettigan's JLT,contact@mcgettigans.com,https://tripadvisor.com/Restaurant_Review-g295424-d1963776-Reviews-McGettigan_s_JLT-Dubai_Emirate_of_Dubai.html
Konjiki Hototogisu MOE,enquiry@konjiki.ae,https://tripadvisor.com/Restaurant_Review-g295424-d26639112-Reviews-Konjiki_Hototogisu_MOE-Dubai_Emirate_of_Dubai.html
Maison De Curry,amine.mesbahi@passionfandb.com,https://tripadvisor.com/Restaurant_Review-g295424-d25096006-Reviews-Maison_De_Curry-Dubai_Emirate_of_Dubai.html
"The Blacksmith Bar & Eatery, Dubai Marina",info@theblacksmithdubai.com,https://tripadvisor.com/Restaurant_Review-g295424-d13497489-Reviews-The_Blacksmith_Bar_Eatery_Dubai_Marina-Dubai_Emirate_of_Dubai.html
Brass Monkey - Motor City,reservations.mc@brassmonkeysocial.com,https://tripadvisor.com/Restaurant_Review-g295424-d34675187-Reviews-Brass_Monkey_Motor_City-Dubai_Emirate_of_Dubai.html
"Romeo Lane, Dubai",reservations@romeolanedubai.com,https://tripadvisor.com/Restaurant_Review-g295424-d32881809-Reviews-Romeo_Lane_Dubai-Dubai_Emirate_of_Dubai.html
Bā - Boldly Asian,palm.dining@fairmont.com,https://tripadvisor.com/Restaurant_Review-g295424-d6031297-Reviews-Ba_Boldly_Asian-Dubai_Emirate_of_Dubai.html
Observatory Lounge,welcome@observatorylounge.ae,https://tripadvisor.com/Restaurant_Review-g295424-d2039666-Reviews-Observatory_Lounge-Dubai_Emirate_of_Dubai.html
Dampa Seafood Grill - Dubai,info@dampaseafoodgrill.com,https://tripadvisor.com/Restaurant_Review-g295424-d8019050-Reviews-Dampa_Seafood_Grill_Dubai-Dubai_Emirate_of_Dubai.html
Sexy Fish Dubai,,https://tripadvisor.com/Restaurant_Review-g295424-d28389380-Reviews-Sexy_Fish_Dubai-Dubai_Emirate_of_Dubai.html
Terra Mia Dubai Italian Restaurant & Pizzeria,terramiadubai23@gmail.com,https://tripadvisor.com/Restaurant_Review-g295424-d25296147-Reviews-Terra_Mia_Dubai_Italian_Restaurant_Pizzeria-Dubai_Emirate_of_Dubai.html
Cavo Dubai,reservation@rameedream.com,https://tripadvisor.com/Restaurant_Review-g295424-d23806774-Reviews-Cavo_Dubai-Dubai_Emirate_of_Dubai.html
Cucina The Palm,reservations@cucinadubai.com,https://tripadvisor.com/Restaurant_Review-g295424-d25044372-Reviews-Cucina_The_Palm-Dubai_Emirate_of_Dubai.html
Blume Dubai Mall,marketing@districteightdubai.com,https://tripadvisor.com/Restaurant_Review-g295424-d33100708-Reviews-Blume_Dubai_Mall-Dubai_Emirate_of_Dubai.html
The Pit House Of Barbecue Dubai,hello.ae@thepithob.com,https://tripadvisor.com/Restaurant_Review-g295424-d25192748-Reviews-The_Pit_House_Of_Barbecue_Dubai-Dubai_Emirate_of_Dubai.html
World Cut Steakhouse,dining@habtoorpalace.com,https://tripadvisor.com/Restaurant_Review-g295424-d15043067-Reviews-World_Cut_Steakhouse-Dubai_Emirate_of_Dubai.html
Feast Restaurant,feast@sheratongranddubai.com,https://tripadvisor.com/Restaurant_Review-g295424-d7342517-Reviews-Feast_Restaurant-Dubai_Emirate_of_Dubai.html
Monkey Bar,info@monkeybardubai.com,https://tripadvisor.com/Restaurant_Review-g295424-d23474082-Reviews-Monkey_Bar-Dubai_Emirate_of_Dubai.html
The Noodle House - Palm Jumeirah Mall,restaurants@saroodhospitality.com,https://tripadvisor.com/Restaurant_Review-g295424-d19315629-Reviews-The_Noodle_House_Palm_Jumeirah_Mall-Dubai_Emirate_of_Dubai.html
Da Vinci's Italian Restaurant,dining.mahd@millenniumhotels.com,https://tripadvisor.com/Restaurant_Review-g295424-d1829225-Reviews-Da_Vinci_s_Italian_Restaurant-Dubai_Emirate_of_Dubai.html
Nikki Beach Dubai,reservations.dubai@nikkibeach.com,https://tripadvisor.com/Restaurant_Review-g295424-d9858600-Reviews-Nikki_Beach_Dubai-Dubai_Emirate_of_Dubai.html
Kimura-ya Authentic Japanese Restaurant - Marina,marina@kimuraya-dubai.com,https://tripadvisor.com/Restaurant_Review-g295424-d21513875-Reviews-Kimura_ya_Authentic_Japanese_Restaurant_Marina-Dubai_Emirate_of_Dubai.html
RIVA Beach Club,reservations@riva-beach.com,https://tripadvisor.com/Restaurant_Review-g295424-d3812296-Reviews-RIVA_Beach_Club-Dubai_Emirate_of_Dubai.html
Al Beiruti The Palm,info@albeiruti.com,https://tripadvisor.com/Restaurant_Review-g295424-d33446913-Reviews-Al_Beiruti_The_Palm-Dubai_Emirate_of_Dubai.html
Operation Falafel | JBR,info@operationfalafel.ae,https://tripadvisor.com/Restaurant_Review-g295424-d6465453-Reviews-Operation_Falafel_JBR-Dubai_Emirate_of_Dubai.html
Time Out Market Dubai,infodxb@timeoutmarket.com,https://tripadvisor.com/Restaurant_Review-g295424-d23142903-Reviews-Time_Out_Market_Dubai-Dubai_Emirate_of_Dubai.html
Buffalo Wings & Rings Dubai,marketing@ae.bwr-intl.com,https://tripadvisor.com/Restaurant_Review-g295424-d6106998-Reviews-Buffalo_Wings_Rings_Dubai-Dubai_Emirate_of_Dubai.html
Lola Taberna Española,info@lolataberna.com,https://tripadvisor.com/Restaurant_Review-g295424-d21505081-Reviews-Lola_Taberna_Espanola-Dubai_Emirate_of_Dubai.html
Ginger Moon,03034.reservations@westin.com,https://tripadvisor.com/Restaurant_Review-g295424-d23913372-Reviews-Ginger_Moon-Dubai_Emirate_of_Dubai.html
Seagrill Bistro,Palm.Dining@Fairmont.com,https://tripadvisor.com/Restaurant_Review-g295424-d3946432-Reviews-Seagrill_Bistro-Dubai_Emirate_of_Dubai.html
Kitchen6,mhrs.dxbjw.restaurant.reservation@marriott.com,https://tripadvisor.com/Restaurant_Review-g295424-d3844728-Reviews-Kitchen6-Dubai_Emirate_of_Dubai.html
Mogiya Authentic Japanese Restaurant,mogi-ya@mogiya-dubai.com,https://tripadvisor.com/Restaurant_Review-g295424-d25263033-Reviews-Mogiya_Authentic_Japanese_Restaurant-Dubai_Emirate_of_Dubai.html
Indya by Vineet,resbook.leroyalmeridien@lemeridienhotels.com,https://tripadvisor.com/Restaurant_Review-g295424-d15833169-Reviews-Indya_by_Vineet-Dubai_Emirate_of_Dubai.html
Reef & Beef,reservations@reefandbeef.ae,https://tripadvisor.com/Restaurant_Review-g295424-d25577396-Reviews-Reef_Beef-Dubai_Emirate_of_Dubai.html
Eat Greek Kouzina,reservations@eatgreekkouzina.com,https://tripadvisor.com/Restaurant_Review-g295424-d6468626-Reviews-Eat_Greek_Kouzina-Dubai_Emirate_of_Dubai.html
The Grand Grill,reservations@thegrandgrill.com,https://tripadvisor.com/Restaurant_Review-g295424-d1124738-Reviews-The_Grand_Grill-Dubai_Emirate_of_Dubai.html
Mina's Kitchen,03034.restaurants@westin.com,https://tripadvisor.com/Restaurant_Review-g295424-d17839054-Reviews-Mina_s_Kitchen-Dubai_Emirate_of_Dubai.html
Tamoka Dubai,reservations@tamokadubai.com,https://tripadvisor.com/Restaurant_Review-g295424-d23751243-Reviews-Tamoka_Dubai-Dubai_Emirate_of_Dubai.html
Antonia Mall of the Emirates,info@antoniarestaurant.com,https://tripadvisor.com/Restaurant_Review-g295424-d34087685-Reviews-Antonia_Mall_of_the_Emirates-Dubai_Emirate_of_Dubai.html
Cactus Jacks,dining.mahd@millenniumhotels.com,https://tripadvisor.com/Restaurant_Review-g295424-d2520647-Reviews-Cactus_Jacks-Dubai_Emirate_of_Dubai.html
Mukbang Shows Restaurant Korean BBQ and Seafood,info@mukbangshow.ae,https://tripadvisor.com/Restaurant_Review-g295424-d25547996-Reviews-Mukbang_Shows_Restaurant_Korean_BBQ_and_Seafood-Dubai_Emirate_of_Dubai.html
Gordon Ramsay's Bread Street Kitchen,atp-restaurant-rsvn@atlantisdubai.com,https://tripadvisor.com/Restaurant_Review-g295424-d8774847-Reviews-Gordon_Ramsay_s_Bread_Street_Kitchen-Dubai_Emirate_of_Dubai.html
Sukhothai,restaurants.lmd@lemeridien.com,https://tripadvisor.com/Restaurant_Review-g295424-d2180192-Reviews-Sukhothai-Dubai_Emirate_of_Dubai.html
Ikigai,reservation@ikigaidubai.com,https://tripadvisor.com/Restaurant_Review-g295424-d23305962-Reviews-Ikigai-Dubai_Emirate_of_Dubai.html
Ernst Biergarten,dubai@ernstbiergarten.com,https://tripadvisor.com/Restaurant_Review-g295424-d23474174-Reviews-Ernst_Biergarten-Dubai_Emirate_of_Dubai.html
Fish Hut Restaurant Oud Metha Branch,dubaifishhut@gmail.com,https://tripadvisor.com/Restaurant_Review-g295424-d7389796-Reviews-Fish_Hut_Restaurant_Oud_Metha_Branch-Dubai_Emirate_of_Dubai.html
Rowley's | Steakhouse Restaurant,info@rowleysrestaurants.com,https://tripadvisor.com/Restaurant_Review-g295424-d28912883-Reviews-Rowley_s_Steakhouse_Restaurant-Dubai_Emirate_of_Dubai.html
Nido Tapas Restaurant & Bar,,https://tripadvisor.com/Restaurant_Review-g295424-d19463460-Reviews-Nido_Tapas_Restaurant_Bar-Dubai_Emirate_of_Dubai.html
Ravi's,,https://tripadvisor.com/Restaurant_Review-g295424-d817364-Reviews-Ravi_s-Dubai_Emirate_of_Dubai.html
Jovee - Italian & Japanese Restaurant,reservation@joveedubai.com,https://tripadvisor.com/Restaurant_Review-g295424-d23899437-Reviews-Jovee_Italian_Japanese_Restaurant-Dubai_Emirate_of_Dubai.html
The Croft,eatatharbour@marriott.com,https://tripadvisor.com/Restaurant_Review-g295424-d8548484-Reviews-The_Croft-Dubai_Emirate_of_Dubai.html
Amaseena,dine.dubai@ritzcarlton.com,https://tripadvisor.com/Restaurant_Review-g295424-d1584596-Reviews-Amaseena-Dubai_Emirate_of_Dubai.html
Lamesa Restaurant,lamesa@asianahoteldubai.com,https://tripadvisor.com/Restaurant_Review-g295424-d3636048-Reviews-Lamesa_Restaurant-Dubai_Emirate_of_Dubai.html
Trader Vic's JBR,restaurant.jbr@hilton.com,https://tripadvisor.com/Restaurant_Review-g295424-d13519345-Reviews-Trader_Vic_s_JBR-Dubai_Emirate_of_Dubai.html
O'Regan's Irish Bar and Restaurant,oregans.hoteldxb@dihdxb.ae,https://tripadvisor.com/Restaurant_Review-g295424-d27081566-Reviews-O_Regan_s_Irish_Bar_and_Restaurant-Dubai_Emirate_of_Dubai.html
Kcal Restaurant - Jumeirah Lake Towers,talktous@kcallife.com,https://tripadvisor.com/Restaurant_Review-g295424-d3583470-Reviews-Kcal_Restaurant_Jumeirah_Lake_Towers-Dubai_Emirate_of_Dubai.html
Barfly By Buddha - Bar Dubai,dxbpj.barfly@hilton.com,https://tripadvisor.com/Restaurant_Review-g295424-d24999162-Reviews-Barfly_By_Buddha_Bar_Dubai-Dubai_Emirate_of_Dubai.html
Frevo,palm.dining@fairmont.com,https://tripadvisor.com/Restaurant_Review-g295424-d3859514-Reviews-Frevo-Dubai_Emirate_of_Dubai.html
3 Fils,info@3fils.com,https://tripadvisor.com/Restaurant_Review-g295424-d11916874-Reviews-3_Fils-Dubai_Emirate_of_Dubai.html
COYA Dubai,reservations@coyarestaurant.ae,https://tripadvisor.com/Restaurant_Review-g295424-d7285081-Reviews-COYA_Dubai-Dubai_Emirate_of_Dubai.html
Ahlan Lounge @ Gate C13,ahlanlounge.c13@dihdxb.ae,https://tripadvisor.com/Restaurant_Review-g295424-d26561016-Reviews-Ahlan_Lounge_Gate_C13-Dubai_Emirate_of_Dubai.html
Flying Elephant Mystical Mixology,tarun.jewalikar@accor.com,https://tripadvisor.com/Restaurant_Review-g295424-d28213770-Reviews-Flying_Elephant_Mystical_Mixology-Dubai_Emirate_of_Dubai.html
"Abd El Wahab, Souk Al Bahar",Marketing@hhh-me.com,https://tripadvisor.com/Restaurant_Review-g295424-d3896841-Reviews-Abd_El_Wahab_Souk_Al_Bahar-Dubai_Emirate_of_Dubai.html
Mare By Bussola,03034.restaurants@westin.com,https://tripadvisor.com/Restaurant_Review-g295424-d25001488-Reviews-Mare_By_Bussola-Dubai_Emirate_of_Dubai.html
Hard Rock Cafe,sales@hardrockdubai.ae,https://tripadvisor.com/Restaurant_Review-g295424-d15547316-Reviews-Hard_Rock_Cafe-Dubai_Emirate_of_Dubai.html
Vesna Lounge and Cafe,vesnaloungeandcafe@gmail.com,https://tripadvisor.com/Restaurant_Review-g295424-d34255150-Reviews-Vesna_Lounge_and_Cafe-Dubai_Emirate_of_Dubai.html
Ahlan First Class Lounge,lounge.hoteldxb@dihdxb.ae,https://tripadvisor.com/Restaurant_Review-g295424-d10287597-Reviews-Ahlan_First_Class_Lounge-Dubai_Emirate_of_Dubai.html
Doors Freestyle Grill - Steakhouse,cac@doorsdubai.com,https://tripadvisor.com/Restaurant_Review-g295424-d15293945-Reviews-Doors_Freestyle_Grill_Steakhouse-Dubai_Emirate_of_Dubai.html
[u]bk - Urban Bar + Kitchen,hotel.jumeirahlakestowers@movenpick.com,https://tripadvisor.com/Restaurant_Review-g295424-d26266706-Reviews-U_bk_Urban_Bar_Kitchen-Dubai_Emirate_of_Dubai.html
Entrecôte Café de Paris - The Dubai Mall,info@entrecote.me,https://tripadvisor.com/Restaurant_Review-g295424-d3456759-Reviews-Entrecote_Cafe_de_Paris_The_Dubai_Mall-Dubai_Emirate_of_Dubai.html
Ahlan Business Class Lounge,lounge.hoteldxb@dihdxb.ae,https://tripadvisor.com/Restaurant_Review-g295424-d10287663-Reviews-Ahlan_Business_Class_Lounge-Dubai_Emirate_of_Dubai.html
24th St. World Street Food,dine.dtdu@dusit.com,https://tripadvisor.com/Restaurant_Review-g295424-d15191936-Reviews-24th_St_World_Street_Food-Dubai_Emirate_of_Dubai.html
Fish Market,kumar@radissonblu.com,https://tripadvisor.com/Restaurant_Review-g295424-d1062228-Reviews-Fish_Market-Dubai_Emirate_of_Dubai.html
Social House,,https://tripadvisor.com/Restaurant_Review-g295424-d1955362-Reviews-Social_House-Dubai_Emirate_of_Dubai.html
Amala,jzsrestaurants@jumeirah.com,https://tripadvisor.com/Restaurant_Review-g295424-d2164452-Reviews-Amala-Dubai_Emirate_of_Dubai.html
Solara,dineatsolara@addresshotels.com,https://tripadvisor.com/Restaurant_Review-g295424-d19446816-Reviews-Solara-Dubai_Emirate_of_Dubai.html
Amritsr Restaurant,amritsrrestaurant@gmail.com,https://tripadvisor.com/Restaurant_Review-g295424-d17826458-Reviews-Amritsr_Restaurant-Dubai_Emirate_of_Dubai.html
East 14,restaurant.reservation@cieldubai.com,https://tripadvisor.com/Restaurant_Review-g295424-d33355493-Reviews-East_14-Dubai_Emirate_of_Dubai.html
SoBe Dubai,wpalmdining@whotelsworldwide.com,https://tripadvisor.com/Restaurant_Review-g295424-d15694856-Reviews-SoBe_Dubai-Dubai_Emirate_of_Dubai.html
Trattoria,restaurants@saroodhospitality.com,https://tripadvisor.com/Restaurant_Review-g295424-d942353-Reviews-Trattoria-Dubai_Emirate_of_Dubai.html
Wox,,https://tripadvisor.com/Restaurant_Review-g295424-d3921059-Reviews-Wox-Dubai_Emirate_of_Dubai.html
Massimo's Italian Restaurant,massimo.lapeschi@yahoo.com,https://tripadvisor.com/Restaurant_Review-g295424-d4455905-Reviews-Massimo_s_Italian_Restaurant-Dubai_Emirate_of_Dubai.html
Toshi,fbreservations.gmhd@millenniumhotels.com,https://tripadvisor.com/Restaurant_Review-g295424-d1081132-Reviews-Toshi-Dubai_Emirate_of_Dubai.html
Gordon Ramsay's Street Pizza,atp-restaurant-rsvn@atlantisdubai.com,https://tripadvisor.com/Restaurant_Review-g295424-d23731097-Reviews-Gordon_Ramsay_s_Street_Pizza-Dubai_Emirate_of_Dubai.html
Mi Amie Dubai,mi-amie@jumeirah.com,https://tripadvisor.com/Restaurant_Review-g295424-d25273227-Reviews-Mi_Amie_Dubai-Dubai_Emirate_of_Dubai.html
Mythos Kouzina & Grill,info@mythoskouzina.com,https://tripadvisor.com/Restaurant_Review-g295424-d7790961-Reviews-Mythos_Kouzina_Grill-Dubai_Emirate_of_Dubai.html
Huqqa Dubai,social@huqqa.com,https://tripadvisor.com/Restaurant_Review-g295424-d13974920-Reviews-Huqqa_Dubai-Dubai_Emirate_of_Dubai.html
The Guild,hello@theguilddubai.com,https://tripadvisor.com/Restaurant_Review-g295424-d26345309-Reviews-The_Guild-Dubai_Emirate_of_Dubai.html
Alizée,dine-dubai@banyantree.com,https://tripadvisor.com/Restaurant_Review-g295424-d19571109-Reviews-Alizee-Dubai_Emirate_of_Dubai.html
Dinner in the Sky,info@dinnerinthesky.ae,https://tripadvisor.com/Restaurant_Review-g295424-d12154550-Reviews-Dinner_in_the_Sky-Dubai_Emirate_of_Dubai.html
Zou Zou Turkish & Lebanese Restaurant,info@zouzoudubai.com,https://tripadvisor.com/Restaurant_Review-g295424-d25251944-Reviews-Zou_Zou_Turkish_Lebanese_Restaurant-Dubai_Emirate_of_Dubai.html
Jb's Gastropub,fb.amwaj@rotana.com,https://tripadvisor.com/Restaurant_Review-g295424-d10070156-Reviews-Jb_s_Gastropub-Dubai_Emirate_of_Dubai.html
McGettigan's Souk Madinat,contact@mcgettigans.com,https://tripadvisor.com/Restaurant_Review-g295424-d10785575-Reviews-McGettigan_s_Souk_Madinat-Dubai_Emirate_of_Dubai.html
Medley,h2022-fb2@accor.com,https://tripadvisor.com/Restaurant_Review-g295424-d4722511-Reviews-Medley-Dubai_Emirate_of_Dubai.html
Asil Restaurant,,https://tripadvisor.com/Restaurant_Review-g295424-d21035606-Reviews-Asil_Restaurant-Dubai_Emirate_of_Dubai.html
Urla,reservations@urlarestaurant.com,https://tripadvisor.com/Restaurant_Review-g295424-d23661272-Reviews-Urla-Dubai_Emirate_of_Dubai.html
Casablanca Beach Club,casablancabeach@atlantisdubai.com,https://tripadvisor.com/Restaurant_Review-g295424-d33415340-Reviews-Casablanca_Beach_Club-Dubai_Emirate_of_Dubai.html
MYATA Platinum Lounge & Bar Dubai,info@myata.ae,https://tripadvisor.com/Restaurant_Review-g295424-d32885013-Reviews-MYATA_Platinum_Lounge_Bar_Dubai-Dubai_Emirate_of_Dubai.html
Asia Asia The Palm,reservations@asiaasiapalm.com,https://tripadvisor.com/Restaurant_Review-g295424-d26857944-Reviews-Asia_Asia_The_Palm-Dubai_Emirate_of_Dubai.html
Maiden Shanghai,fpjd.dining@fivehotelsandresorts.com,https://tripadvisor.com/Restaurant_Review-g295424-d12399372-Reviews-Maiden_Shanghai-Dubai_Emirate_of_Dubai.html
Bâoli Dubai,,https://tripadvisor.com/Restaurant_Review-g295424-d28100541-Reviews-Baoli_Dubai-Dubai_Emirate_of_Dubai.html
Besar Restaurant Dubai Bluewaters,besar.rest@gmail.com,https://tripadvisor.com/Restaurant_Review-g295424-d28039593-Reviews-Besar_Restaurant_Dubai_Bluewaters-Dubai_Emirate_of_Dubai.html
Pierre's TT,pierres.dubai@ihg.com,https://tripadvisor.com/Restaurant_Review-g295424-d13989511-Reviews-Pierre_s_TT-Dubai_Emirate_of_Dubai.html
Ying Ji Dim Sum,yingjiyuefu@gmail.com,https://tripadvisor.com/Restaurant_Review-g295424-d26100678-Reviews-Ying_Ji_Dim_Sum-Dubai_Emirate_of_Dubai.html
GAL Restaurant Dubai,reservation@galrestaurant.com,https://tripadvisor.com/Restaurant_Review-g295424-d15095576-Reviews-GAL_Restaurant_Dubai-Dubai_Emirate_of_Dubai.html
Hartisan Restaurant,Restaurant.jbr@hilton.com,https://tripadvisor.com/Restaurant_Review-g295424-d14958031-Reviews-Hartisan_Restaurant-Dubai_Emirate_of_Dubai.html
Al Dawaar Revolving Restaurant,aldawaar.hyattregencydubai@hyatt.com,https://tripadvisor.com/Restaurant_Review-g295424-d814928-Reviews-Al_Dawaar_Revolving_Restaurant-Dubai_Emirate_of_Dubai.html
Bubbalicious Brunch,,https://tripadvisor.com/Restaurant_Review-g295424-d15238915-Reviews-Bubbalicious_Brunch-Dubai_Emirate_of_Dubai.html
View 180 Restaurant & Bar,view180.ndpj@nhcollection.com,https://tripadvisor.com/Restaurant_Review-g295424-d25348469-Reviews-View_180_Restaurant_Bar-Dubai_Emirate_of_Dubai.html
Hutong,Carlos.ruiz@aqua-dubai.com,https://tripadvisor.com/Restaurant_Review-g295424-d19845595-Reviews-Hutong-Dubai_Emirate_of_Dubai.html
Fogueira Restaurant & Lounge,sh.dxbsj.restaurants@sheraton.com,https://tripadvisor.com/Restaurant_Review-g295424-d3654807-Reviews-Fogueira_Restaurant_Lounge-Dubai_Emirate_of_Dubai.html
Vegan Burger - The Dubai Mall,hello@veganburger.ae,https://tripadvisor.com/Restaurant_Review-g295424-d25197188-Reviews-Vegan_Burger_The_Dubai_Mall-Dubai_Emirate_of_Dubai.html
Azure Beach Dubai,info@azure-beach.com,https://tripadvisor.com/Restaurant_Review-g295424-d12711879-Reviews-Azure_Beach_Dubai-Dubai_Emirate_of_Dubai.html
The Locale,thelocale-dxb@andaz.com,https://tripadvisor.com/Restaurant_Review-g295424-d20194651-Reviews-The_Locale-Dubai_Emirate_of_Dubai.html
Wavehouse,restaurantreservations@atlantisthepalm.com,https://tripadvisor.com/Restaurant_Review-g295424-d17767640-Reviews-Wavehouse-Dubai_Emirate_of_Dubai.html
Cafe Society Dubai,info@cafesociety.ae,https://tripadvisor.com/Restaurant_Review-g295424-d13539068-Reviews-Cafe_Society_Dubai-Dubai_Emirate_of_Dubai.html
The Peacock Chinese Restaurant,jumeirah.sheraton@sheraton.com,https://tripadvisor.com/Restaurant_Review-g295424-d3920890-Reviews-The_Peacock_Chinese_Restaurant-Dubai_Emirate_of_Dubai.html
Smokin' Gun,restaurant.reservations@jaresorts.com,https://tripadvisor.com/Restaurant_Review-g295424-d25066649-Reviews-Smokin_Gun-Dubai_Emirate_of_Dubai.html
Sloane's,resbook.grosvenorhouse@luxurycollection.com,https://tripadvisor.com/Restaurant_Review-g295424-d2374272-Reviews-Sloane_s-Dubai_Emirate_of_Dubai.html
Claw BBQ,reservations@clawbbq.com,https://tripadvisor.com/Restaurant_Review-g295424-d4368165-Reviews-Claw_BBQ-Dubai_Emirate_of_Dubai.html
Society Room,contact@societyroomdubai.com,https://tripadvisor.com/Restaurant_Review-g295424-d26635090-Reviews-Society_Room-Dubai_Emirate_of_Dubai.html
ISMA Restaurant Dubai Marina,,https://tripadvisor.com/Restaurant_Review-g295424-d33862766-Reviews-ISMA_Restaurant_Dubai_Marina-Dubai_Emirate_of_Dubai.html
Fogo de Chao Brazilian Steakhouse - Dubai,info@fogome.com,https://tripadvisor.com/Restaurant_Review-g295424-d13550597-Reviews-Fogo_de_Chao_Brazilian_Steakhouse_Dubai-Dubai_Emirate_of_Dubai.html
Trove Dubai Mall,social@troverestaurant.com,https://tripadvisor.com/Restaurant_Review-g295424-d23932033-Reviews-Trove_Dubai_Mall-Dubai_Emirate_of_Dubai.html
Awani | JBR,,https://tripadvisor.com/Restaurant_Review-g295424-d6540949-Reviews-Awani_JBR-Dubai_Emirate_of_Dubai.html
Third Avenue Boutique,dubaimall@3rdavenuecafe.cc,https://tripadvisor.com/Restaurant_Review-g295424-d5558354-Reviews-Third_Avenue_Boutique-Dubai_Emirate_of_Dubai.html
Taperia,restaurant.reservation@jaresorts.com,https://tripadvisor.com/Restaurant_Review-g295424-d23693984-Reviews-Taperia-Dubai_Emirate_of_Dubai.html
Purani Dilli Sheikh Zayed,restaurantreservations.fpdubai@fourpoints.com,https://tripadvisor.com/Restaurant_Review-g295424-d18312975-Reviews-Purani_Dilli_Sheikh_Zayed-Dubai_Emirate_of_Dubai.html
Bosporus Turkish Cuisine - The Dubai Mall,info@bosporus-uae.ae,https://tripadvisor.com/Restaurant_Review-g295424-d20112920-Reviews-Bosporus_Turkish_Cuisine_The_Dubai_Mall-Dubai_Emirate_of_Dubai.html
Shisha House Dubai,shishahousedubai@gmail.com,https://tripadvisor.com/Restaurant_Review-g295424-d32777569-Reviews-Shisha_House_Dubai-Dubai_Emirate_of_Dubai.html
Ristorante L'Olivo at Al Mahara,Alyaa.albishr@jumeirah.com,https://tripadvisor.com/Restaurant_Review-g295424-d778448-Reviews-Ristorante_L_Olivo_at_Al_Mahara-Dubai_Emirate_of_Dubai.html
Three Cuts - Steakhouse & Bar,reservations@threecuts.co,https://tripadvisor.com/Restaurant_Review-g295424-d27419702-Reviews-Three_Cuts_Steakhouse_Bar-Dubai_Emirate_of_Dubai.html
Rasoi Ghar Restaurant,rasoigharsocial@gmail.com,https://tripadvisor.com/Restaurant_Review-g295424-d7827241-Reviews-Rasoi_Ghar_Restaurant-Dubai_Emirate_of_Dubai.html
Tribes,info@tribesrestaurant.com,https://tripadvisor.com/Restaurant_Review-g295424-d1910955-Reviews-Tribes-Dubai_Emirate_of_Dubai.html
Barasti Beach Bar,03034.restaurants@marriott.com,https://tripadvisor.com/Restaurant_Review-g295424-d945659-Reviews-Barasti_Beach_Bar-Dubai_Emirate_of_Dubai.html
Aroos Damascus,aroos.damascus@yahoo.com,https://tripadvisor.com/Restaurant_Review-g295424-d1064808-Reviews-Aroos_Damascus-Dubai_Emirate_of_Dubai.html
Argentina Grill,argentinagrill.creek@gmail.com,https://tripadvisor.com/Restaurant_Review-g295424-d26992996-Reviews-Argentina_Grill-Dubai_Emirate_of_Dubai.html
Danial Restaurant,info@danialrestaurants.com,https://tripadvisor.com/Restaurant_Review-g295424-d3919038-Reviews-Danial_Restaurant-Dubai_Emirate_of_Dubai.html
Fujiya Millennium Hotel,millennium@fujiya.ae,https://tripadvisor.com/Restaurant_Review-g295424-d15279402-Reviews-Fujiya_Millennium_Hotel-Dubai_Emirate_of_Dubai.html
Mekong,restaurants.dubai@anantara.com,https://tripadvisor.com/Restaurant_Review-g295424-d5496252-Reviews-Mekong-Dubai_Emirate_of_Dubai.html
Vietnamese Foodies Downtown,info@vietnamesefoodies.com,https://tripadvisor.com/Restaurant_Review-g295424-d17430805-Reviews-Vietnamese_Foodies_Downtown-Dubai_Emirate_of_Dubai.html
Mist Restaurant,info@mistdxb.com,https://tripadvisor.com/Restaurant_Review-g295424-d24107868-Reviews-Mist_Restaurant-Dubai_Emirate_of_Dubai.html
Brasserie 2.0,resbook.leroyalmeridien@lemeridien.com,https://tripadvisor.com/Restaurant_Review-g295424-d3918635-Reviews-Brasserie_2_0-Dubai_Emirate_of_Dubai.html
WANE by Somiya,info@wanegroup.ae,https://tripadvisor.com/Restaurant_Review-g295424-d21409142-Reviews-WANE_by_Somiya-Dubai_Emirate_of_Dubai.html
Gia,giadm@aaent.me,https://tripadvisor.com/Restaurant_Review-g295424-d13784254-Reviews-Gia-Dubai_Emirate_of_Dubai.html
HISAYA Japanese Restaurant,hisaya-dubai@hisaya-uae.com,https://tripadvisor.com/Restaurant_Review-g295424-d26627106-Reviews-HISAYA_Japanese_Restaurant-Dubai_Emirate_of_Dubai.html
Estiatorio Milos,reservations@milosdubai.com,https://tripadvisor.com/Restaurant_Review-g295424-d25245372-Reviews-Estiatorio_Milos-Dubai_Emirate_of_Dubai.html
Minato,booking.diningdubaicreek@radissonblu.com,https://tripadvisor.com/Restaurant_Review-g295424-d801155-Reviews-Minato-Dubai_Emirate_of_Dubai.html
The Crossing,info@crossingtherestaurant.com,https://tripadvisor.com/Restaurant_Review-g295424-d23851552-Reviews-The_Crossing-Dubai_Emirate_of_Dubai.html
Toro Toro by Chef Richard Sandoval,resbook.grosvenorhouse@luxurycollection.com,https://tripadvisor.com/Restaurant_Review-g295424-d2310347-Reviews-Toro_Toro_by_Chef_Richard_Sandoval-Dubai_Emirate_of_Dubai.html
Attiko Dubai,reservations@theattiko.com,https://tripadvisor.com/Restaurant_Review-g295424-d25090445-Reviews-Attiko_Dubai-Dubai_Emirate_of_Dubai.html
Buffalo Wings & Rings - JLT,info@ae.bwr-intl.com,https://tripadvisor.com/Restaurant_Review-g295424-d23829992-Reviews-Buffalo_Wings_Rings_JLT-Dubai_Emirate_of_Dubai.html
Santè Ria,rodrigo.capistran@thefirstcollection.ae,https://tripadvisor.com/Restaurant_Review-g295424-d23631985-Reviews-Sante_Ria-Dubai_Emirate_of_Dubai.html
The Butcher Shop & Grill,,https://tripadvisor.com/Restaurant_Review-g295424-d10343636-Reviews-The_Butcher_Shop_Grill-Dubai_Emirate_of_Dubai.html
Morgan's Gastropub,albandar.hotel@rotana.com,https://tripadvisor.com/Restaurant_Review-g295424-d13494780-Reviews-Morgan_s_Gastropub-Dubai_Emirate_of_Dubai.html
Beach By FIVE,fpjd-marketingdepartment@fivehotelsandresorts.com,https://tripadvisor.com/Restaurant_Review-g295424-d24164824-Reviews-Beach_By_FIVE-Dubai_Emirate_of_Dubai.html
Il Motto Pizzeria,ilmotto.pizzeria@jaresorts.com,https://tripadvisor.com/Restaurant_Review-g295424-d18979716-Reviews-Il_Motto_Pizzeria-Dubai_Emirate_of_Dubai.html
Belcanto Restaurant,info@belcantorest.com,https://tripadvisor.com/Restaurant_Review-g295424-d23755875-Reviews-Belcanto_Restaurant-Dubai_Emirate_of_Dubai.html
Miss Tess,misstess.dubai@tajhotels.com,https://tripadvisor.com/Restaurant_Review-g295424-d12934301-Reviews-Miss_Tess-Dubai_Emirate_of_Dubai.html
TakaHisa Japanese Restaurant,reservations@takahisa.ae,https://tripadvisor.com/Restaurant_Review-g295424-d23871856-Reviews-TakaHisa_Japanese_Restaurant-Dubai_Emirate_of_Dubai.html
Luchador,luchador.palmjumeirah@alofthotels.com,https://tripadvisor.com/Restaurant_Review-g295424-d13519774-Reviews-Luchador-Dubai_Emirate_of_Dubai.html
Counter Culture Café,eatatharbour@marriott.com,https://tripadvisor.com/Restaurant_Review-g295424-d3919011-Reviews-Counter_Culture_Cafe-Dubai_Emirate_of_Dubai.html
Sumibiya,booking.diningdubaicreek@radissonblu.com,https://tripadvisor.com/Restaurant_Review-g295424-d2392247-Reviews-Sumibiya-Dubai_Emirate_of_Dubai.html
Orange Chameleon Restaurant and Lounge,,https://tripadvisor.com/Restaurant_Review-g295424-d23140994-Reviews-Orange_Chameleon_Restaurant_and_Lounge-Dubai_Emirate_of_Dubai.html
Jasmira,,https://tripadvisor.com/Restaurant_Review-g295424-d33309756-Reviews-Jasmira-Dubai_Emirate_of_Dubai.html
La Mar by Gaston Acurio,campbell.wilson@lamardubai.com,https://tripadvisor.com/Restaurant_Review-g295424-d25245783-Reviews-La_Mar_by_Gaston_Acurio-Dubai_Emirate_of_Dubai.html
Two Birds One Stone,reservations@twobirds-onestone.ae,https://tripadvisor.com/Restaurant_Review-g295424-d28503801-Reviews-Two_Birds_One_Stone-Dubai_Emirate_of_Dubai.html
Timo,marketing.aljaddaf@rotana.com,https://tripadvisor.com/Restaurant_Review-g295424-d21326119-Reviews-Timo-Dubai_Emirate_of_Dubai.html
Madera Casa Restaurant,madera.casa2025@gmail.com,https://tripadvisor.com/Restaurant_Review-g295424-d33064203-Reviews-Madera_Casa_Restaurant-Dubai_Emirate_of_Dubai.html
Summersalt Beach Club,restaurants@jumeirah.com,https://tripadvisor.com/Restaurant_Review-g295424-d12144259-Reviews-Summersalt_Beach_Club-Dubai_Emirate_of_Dubai.html
Prime68 Steakhouse,mhrs.dxbjw.restaurant.reservation@marriott.com,https://tripadvisor.com/Restaurant_Review-g295424-d3677766-Reviews-Prime68_Steakhouse-Dubai_Emirate_of_Dubai.html
Benihana - Amwaj Rotana,amwaj.hotel@rotana.com,https://tripadvisor.com/Restaurant_Review-g295424-d3532864-Reviews-Benihana_Amwaj_Rotana-Dubai_Emirate_of_Dubai.html
Charm Thai,charmthai.cpdubaimarina@ihg.com,https://tripadvisor.com/Restaurant_Review-g295424-d20034757-Reviews-Charm_Thai-Dubai_Emirate_of_Dubai.html
Al Shorfa Restaurant & Cafe,jalalsaber@alshorfadubai.ae,https://tripadvisor.com/Restaurant_Review-g295424-d4282171-Reviews-Al_Shorfa_Restaurant_Cafe-Dubai_Emirate_of_Dubai.html
Armani/Hashi,restaurant.reservations@armanihotels.com,https://tripadvisor.com/Restaurant_Review-g295424-d1770448-Reviews-Armani_Hashi-Dubai_Emirate_of_Dubai.html
Déjàvu Restaurant,reservations@dejavudubai.ae,https://tripadvisor.com/Restaurant_Review-g295424-d25306783-Reviews-Dejavu_Restaurant-Dubai_Emirate_of_Dubai.html
Bambooda Thai & Asian Fusion Restaurant,fbres.grandalbustan@accor.com,https://tripadvisor.com/Restaurant_Review-g295424-d806196-Reviews-Bambooda_Thai_Asian_Fusion_Restaurant-Dubai_Emirate_of_Dubai.html
ZEA Dubai,info@zeadubai.com,https://tripadvisor.com/Restaurant_Review-g295424-d34054164-Reviews-ZEA_Dubai-Dubai_Emirate_of_Dubai.html
The Noodle House - Souk Madinat Jumeriah,restaurants@saroodhospitality.com,https://tripadvisor.com/Restaurant_Review-g295424-d5538898-Reviews-The_Noodle_House_Souk_Madinat_Jumeriah-Dubai_Emirate_of_Dubai.html
Koko Bay,info@kokobay.co,https://tripadvisor.com/Restaurant_Review-g295424-d21351306-Reviews-Koko_Bay-Dubai_Emirate_of_Dubai.html
Le Murooj Restaurant,reservations.almurooj@roda-hotels.com,https://tripadvisor.com/Restaurant_Review-g295424-d2400920-Reviews-Le_Murooj_Restaurant-Dubai_Emirate_of_Dubai.html
Kimura-ya Authentic Japanese Restaurant - 3rd Branch - Al Jaddaf,jaddaf@kimuraya-dubai.com,https://tripadvisor.com/Restaurant_Review-g295424-d23670773-Reviews-Kimura_ya_Authentic_Japanese_Restaurant_3rd_Branch_Al_Jaddaf-Dubai_Emirate_of_Du.html
Tocha,dine-dubai@banyantree.com,https://tripadvisor.com/Restaurant_Review-g295424-d27151553-Reviews-Tocha-Dubai_Emirate_of_Dubai.html
Blume Dubai Marina,blume@districteightdubai.com,https://tripadvisor.com/Restaurant_Review-g295424-d33099913-Reviews-Blume_Dubai_Marina-Dubai_Emirate_of_Dubai.html
The Cheesecake Factory,cheesecake.beach-uae@alshaya.com,https://tripadvisor.com/Restaurant_Review-g295424-d7153361-Reviews-The_Cheesecake_Factory-Dubai_Emirate_of_Dubai.html
Bombay Bungalow,,https://tripadvisor.com/Restaurant_Review-g295424-d6547270-Reviews-Bombay_Bungalow-Dubai_Emirate_of_Dubai.html
Goose Island Tap House JVC,fpjd.dining@fivehotelsandresorts.com,https://tripadvisor.com/Restaurant_Review-g295424-d23414335-Reviews-Goose_Island_Tap_House_JVC-Dubai_Emirate_of_Dubai.html
DRIFT Dubai,info@driftbeachdubai.com,https://tripadvisor.com/Restaurant_Review-g295424-d13170475-Reviews-DRIFT_Dubai-Dubai_Emirate_of_Dubai.html
City Social,,https://tripadvisor.com/Restaurant_Review-g295424-d25269707-Reviews-City_Social-Dubai_Emirate_of_Dubai.html
Han Shi Fu,hsf@chinesepalacegroup.com,https://tripadvisor.com/Restaurant_Review-g295424-d14641510-Reviews-Han_Shi_Fu-Dubai_Emirate_of_Dubai.html
Jam Jars Bar & Restaurant,info@jamjarsdubai.ae,https://tripadvisor.com/Restaurant_Review-g295424-d27702010-Reviews-Jam_Jars_Bar_Restaurant-Dubai_Emirate_of_Dubai.html
Zouzou Restaurant,info@zouzoudubai.com,https://tripadvisor.com/Restaurant_Review-g295424-d13116005-Reviews-Zouzou_Restaurant-Dubai_Emirate_of_Dubai.html
Amazonico,reservations@amazonico.ae,https://tripadvisor.com/Restaurant_Review-g295424-d17821547-Reviews-Amazonico-Dubai_Emirate_of_Dubai.html
Conestreet by Borbone,info@mimegroup.me,https://tripadvisor.com/Restaurant_Review-g295424-d33321202-Reviews-Conestreet_by_Borbone-Dubai_Emirate_of_Dubai.html
YU Dubai,dxbpd.fbreservation@waldorfastoria.com,https://tripadvisor.com/Restaurant_Review-g295424-d6155049-Reviews-YU_Dubai-Dubai_Emirate_of_Dubai.html
Birds Dubai,reservations@birdsdubai.com,https://tripadvisor.com/Restaurant_Review-g295424-d27424821-Reviews-Birds_Dubai-Dubai_Emirate_of_Dubai.html
HuQQabaz Garden,,https://tripadvisor.com/Restaurant_Review-g295424-d25463552-Reviews-HuQQabaz_Garden-Dubai_Emirate_of_Dubai.html
Sushiyaki,,https://tripadvisor.com/Restaurant_Review-g295424-d26828371-Reviews-Sushiyaki-Dubai_Emirate_of_Dubai.html
Taverna Greek Kitchen,info@tavernagreek.ae,https://tripadvisor.com/Restaurant_Review-g295424-d16753910-Reviews-Taverna_Greek_Kitchen-Dubai_Emirate_of_Dubai.html
Issei,issei.dubai@radisson.com,https://tripadvisor.com/Restaurant_Review-g295424-d25165342-Reviews-Issei-Dubai_Emirate_of_Dubai.html
Yalumba,restaurants.lmd@lemeridien.com,https://tripadvisor.com/Restaurant_Review-g295424-d857104-Reviews-Yalumba-Dubai_Emirate_of_Dubai.html
Bab Al Mansour,info@babalmansour.ae,https://tripadvisor.com/Restaurant_Review-g295424-d15608904-Reviews-Bab_Al_Mansour-Dubai_Emirate_of_Dubai.html
MaKiRa,dine.dtdu@dusit.com,https://tripadvisor.com/Restaurant_Review-g295424-d24186113-Reviews-MaKiRa-Dubai_Emirate_of_Dubai.html
Wayback Burgers,waybackburgers.marketing@gmail.com,https://tripadvisor.com/Restaurant_Review-g295424-d33326656-Reviews-Wayback_Burgers-Dubai_Emirate_of_Dubai.html
Arabian Tea House - Jumeirah Archaeological Site,branch04@arabianteahouse.com,https://tripadvisor.com/Restaurant_Review-g295424-d20141422-Reviews-Arabian_Tea_House_Jumeirah_Archaeological_Site-Dubai_Emirate_of_Dubai.html
Miyako,restaurantreservations.regencydubai@hyatt.com,https://tripadvisor.com/Restaurant_Review-g295424-d785972-Reviews-Miyako-Dubai_Emirate_of_Dubai.html
Long Yin,restaurants.lmd@lemeridien.com,https://tripadvisor.com/Restaurant_Review-g295424-d2618148-Reviews-Long_Yin-Dubai_Emirate_of_Dubai.html
CARBONE Dubai,,https://tripadvisor.com/Restaurant_Review-g295424-d32472375-Reviews-CARBONE_Dubai-Dubai_Emirate_of_Dubai.html
Yuraku,restaurantreservations@asianahoteldubai.com,https://tripadvisor.com/Restaurant_Review-g295424-d3919344-Reviews-Yuraku-Dubai_Emirate_of_Dubai.html
DailyDose,hello@dailydose.ae,https://tripadvisor.com/Restaurant_Review-g295424-d14075532-Reviews-DailyDose-Dubai_Emirate_of_Dubai.html
Benjarong,dine.dtdu@dusit.com,https://tripadvisor.com/Restaurant_Review-g295424-d1054614-Reviews-Benjarong-Dubai_Emirate_of_Dubai.html
Skafos,dining.alseef@hilton.com,https://tripadvisor.com/Restaurant_Review-g295424-d15514632-Reviews-Skafos-Dubai_Emirate_of_Dubai.html
Texas de Brazil,customercare@gourmetgulf.com,https://tripadvisor.com/Restaurant_Review-g295424-d8684379-Reviews-Texas_de_Brazil-Dubai_Emirate_of_Dubai.html
The Boardwalk,,https://tripadvisor.com/Restaurant_Review-g295424-d1977882-Reviews-The_Boardwalk-Dubai_Emirate_of_Dubai.html
Maison Mathis,bonjour@mm-argc.com,https://tripadvisor.com/Restaurant_Review-g295424-d5482417-Reviews-Maison_Mathis-Dubai_Emirate_of_Dubai.html
"Lock, Stock & Barrel Business Bay",,https://tripadvisor.com/Restaurant_Review-g295424-d23528319-Reviews-Lock_Stock_Barrel_Business_Bay-Dubai_Emirate_of_Dubai.html
Pure Sky Lounge & Dining,pureskylounge@hilton.com,https://tripadvisor.com/Restaurant_Review-g295424-d4287166-Reviews-Pure_Sky_Lounge_Dining-Dubai_Emirate_of_Dubai.html
Armani/Amal,restaurant.reservations@armanihotels.com,https://tripadvisor.com/Restaurant_Review-g295424-d2188408-Reviews-Armani_Amal-Dubai_Emirate_of_Dubai.html
Kaleidoscope,restaurantreservations@atlantisthepalm.com,https://tripadvisor.com/Restaurant_Review-g295424-d1801217-Reviews-Kaleidoscope-Dubai_Emirate_of_Dubai.html
Pierchic,,https://tripadvisor.com/Restaurant_Review-g295424-d784744-Reviews-Pierchic-Dubai_Emirate_of_Dubai.html
Soul St. Dubai,fpjd.dining@fivehotelsandresorts.com,https://tripadvisor.com/Restaurant_Review-g295424-d18344720-Reviews-Soul_St_Dubai-Dubai_Emirate_of_Dubai.html
Kanpai,reserve@kanpaime.com,https://tripadvisor.com/Restaurant_Review-g295424-d4591152-Reviews-Kanpai-Dubai_Emirate_of_Dubai.html
The China Club,sayed.mohamed@radissonblu.com,https://tripadvisor.com/Restaurant_Review-g295424-d3920805-Reviews-The_China_Club-Dubai_Emirate_of_Dubai.html
The Maine Oyster Bar & Grill,reserve@themaine.ae,https://tripadvisor.com/Restaurant_Review-g295424-d8857169-Reviews-The_Maine_Oyster_Bar_Grill-Dubai_Emirate_of_Dubai.html
Bushman's Restaurant & Bar,bushmans.dubai@anantara.com,https://tripadvisor.com/Restaurant_Review-g295424-d6665376-Reviews-Bushman_s_Restaurant_Bar-Dubai_Emirate_of_Dubai.html
Cafe - EllaMia,ellamia.dubai@slshotels.com,https://tripadvisor.com/Restaurant_Review-g295424-d23319956-Reviews-Cafe_EllaMia-Dubai_Emirate_of_Dubai.html
WET Deck Dubai,wetdeckdubai@whotels.com,https://tripadvisor.com/Restaurant_Review-g295424-d16162515-Reviews-WET_Deck_Dubai-Dubai_Emirate_of_Dubai.html
Anise,binay.acharya@ihg.com,https://tripadvisor.com/Restaurant_Review-g295424-d1603913-Reviews-Anise-Dubai_Emirate_of_Dubai.html
Din Tai Fung - Mall of Emirates,alan.watson@newmilton.net,https://tripadvisor.com/Restaurant_Review-g295424-d12705964-Reviews-Din_Tai_Fung_Mall_of_Emirates-Dubai_Emirate_of_Dubai.html
The Coterie,,https://tripadvisor.com/Restaurant_Review-g295424-d25093967-Reviews-The_Coterie-Dubai_Emirate_of_Dubai.html
Coco Grill & Lounge,reservations@coco-restaurants.ae,https://tripadvisor.com/Restaurant_Review-g295424-d32974541-Reviews-Coco_Grill_Lounge-Dubai_Emirate_of_Dubai.html
Sakhalin Dubai,dubai@sakhalin.rest,https://tripadvisor.com/Restaurant_Review-g295424-d30517440-Reviews-Sakhalin_Dubai-Dubai_Emirate_of_Dubai.html
SHI Restaurant & Lounge,reservations@shirestaurant.com,https://tripadvisor.com/Restaurant_Review-g295424-d23696904-Reviews-SHI_Restaurant_Lounge-Dubai_Emirate_of_Dubai.html
Logs & Embers,booking@logsnembers.com,https://tripadvisor.com/Restaurant_Review-g295424-d23559175-Reviews-Logs_Embers-Dubai_Emirate_of_Dubai.html
Al Beiruti Sheikh Zayed,info@albeiruti.com,https://tripadvisor.com/Restaurant_Review-g295424-d21332025-Reviews-Al_Beiruti_Sheikh_Zayed-Dubai_Emirate_of_Dubai.html
iZ,dxbgh-restaurantreservations@hyatt.com,https://tripadvisor.com/Restaurant_Review-g295424-d3919424-Reviews-IZ-Dubai_Emirate_of_Dubai.html
Black Tap Craft Burgers & Shakes Dubai Mall,hello@blacktapme.com,https://tripadvisor.com/Restaurant_Review-g295424-d20912480-Reviews-Black_Tap_Craft_Burgers_Shakes_Dubai_Mall-Dubai_Emirate_of_Dubai.html
Tasca,modub-tasca@mohg.com,https://tripadvisor.com/Restaurant_Review-g295424-d15265903-Reviews-Tasca-Dubai_Emirate_of_Dubai.html
garden on 8,gardenon8@mediaonehotel.com,https://tripadvisor.com/Restaurant_Review-g295424-d8379781-Reviews-Garden_on_8-Dubai_Emirate_of_Dubai.html
Ling Ling Dubai,reservations@linglingdubai.com,https://tripadvisor.com/Restaurant_Review-g295424-d25245645-Reviews-Ling_Ling_Dubai-Dubai_Emirate_of_Dubai.html
Mogiya Authentic Japanese Restaurant - 2nd Branch Al Barsha 1,,https://tripadvisor.com/Restaurant_Review-g295424-d26432884-Reviews-Mogiya_Authentic_Japanese_Restaurant_2nd_Branch_Al_Barsha_1-Dubai_Emirate_of_Dub.html
Hakkasan,andrew.lewis@hakkasandubai.com,https://tripadvisor.com/Restaurant_Review-g295424-d2417528-Reviews-Hakkasan-Dubai_Emirate_of_Dubai.html
Romantic Baka,info@romanticbaka.com,https://tripadvisor.com/Restaurant_Review-g295424-d23952983-Reviews-Romantic_Baka-Dubai_Emirate_of_Dubai.html
Bait Maryam,,https://tripadvisor.com/Restaurant_Review-g295424-d12919307-Reviews-Bait_Maryam-Dubai_Emirate_of_Dubai.html
KIZA Restaurant & Lounge,reservations@kiza.ae,https://tripadvisor.com/Restaurant_Review-g295424-d10386973-Reviews-KIZA_Restaurant_Lounge-Dubai_Emirate_of_Dubai.html
Double Decker,dine.almurooj@swissotel.com,https://tripadvisor.com/Restaurant_Review-g295424-d2419994-Reviews-Double_Decker-Dubai_Emirate_of_Dubai.html
Positano Restaurant,,https://tripadvisor.com/Restaurant_Review-g295424-d4832594-Reviews-Positano_Restaurant-Dubai_Emirate_of_Dubai.html
Babel,babel.lamer-uae@diversedining.co.uk,https://tripadvisor.com/Restaurant_Review-g295424-d14780648-Reviews-Babel-Dubai_Emirate_of_Dubai.html
Hard Rock Dubai Sports City,salesdsc@hardockdubai.ae,https://tripadvisor.com/Restaurant_Review-g295424-d34049397-Reviews-Hard_Rock_Dubai_Sports_City-Dubai_Emirate_of_Dubai.html
Sui Mui Dubai,03034.restaurants@westin.com,https://tripadvisor.com/Restaurant_Review-g295424-d19060030-Reviews-Sui_Mui_Dubai-Dubai_Emirate_of_Dubai.html
Crescendo,restaurants.dubai@anantara.com,https://tripadvisor.com/Restaurant_Review-g295424-d7619618-Reviews-Crescendo-Dubai_Emirate_of_Dubai.html
Luigia - The Best of Italy,info@luigia.ae,https://tripadvisor.com/Restaurant_Review-g295424-d13317314-Reviews-Luigia_The_Best_of_Italy-Dubai_Emirate_of_Dubai.html
Speakeasy Bar & Restaurant,speakeasy@ramadaplazajbr.com,https://tripadvisor.com/Restaurant_Review-g295424-d3920543-Reviews-Speakeasy_Bar_Restaurant-Dubai_Emirate_of_Dubai.html
Gatsby Dinner Show & Club Dubai,reservations@gatsbydubai.com,https://tripadvisor.com/Restaurant_Review-g295424-d28296825-Reviews-Gatsby_Dinner_Show_Club_Dubai-Dubai_Emirate_of_Dubai.html
Flow Kitchen,palm.dining@fairmont.com,https://tripadvisor.com/Restaurant_Review-g295424-d4088288-Reviews-Flow_Kitchen-Dubai_Emirate_of_Dubai.html
The Duchess,info@theduchesscafe.com,https://tripadvisor.com/Restaurant_Review-g295424-d13148548-Reviews-The_Duchess-Dubai_Emirate_of_Dubai.html
McGettigan's Factory - The Palm,factory.palm@hilton.com,https://tripadvisor.com/Restaurant_Review-g295424-d25070672-Reviews-McGettigan_s_Factory_The_Palm-Dubai_Emirate_of_Dubai.html
Ammos Greek Restaurant,info@ammosgreek.com,https://tripadvisor.com/Restaurant_Review-g295424-d15199871-Reviews-Ammos_Greek_Restaurant-Dubai_Emirate_of_Dubai.html
Demon Duck by Alvin Leung,dine-dubai@banyantree.com,https://tripadvisor.com/Restaurant_Review-g295424-d23950114-Reviews-Demon_Duck_by_Alvin_Leung-Dubai_Emirate_of_Dubai.html
The Market Café,reservations.grandhyattdubai@hyatt.com,https://tripadvisor.com/Restaurant_Review-g295424-d9880178-Reviews-The_Market_Cafe-Dubai_Emirate_of_Dubai.html
Qwerty,qwerty@mediaonehotel.com,https://tripadvisor.com/Restaurant_Review-g295424-d3920927-Reviews-Qwerty-Dubai_Emirate_of_Dubai.html
Pasha Sarayi Restaurant & Cafe,pasha.sarayi.uae@gmail.com,https://tripadvisor.com/Restaurant_Review-g295424-d28653355-Reviews-Pasha_Sarayi_Restaurant_Cafe-Dubai_Emirate_of_Dubai.html
The Exit Sports Bar,exit.sportsbar@accor.com,https://tripadvisor.com/Restaurant_Review-g295424-d19332703-Reviews-The_Exit_Sports_Bar-Dubai_Emirate_of_Dubai.html
Goldfish Sushi & Yakitori,info@goldfishsushiyakitori.com,https://tripadvisor.com/Restaurant_Review-g295424-d22974814-Reviews-Goldfish_Sushi_Yakitori-Dubai_Emirate_of_Dubai.html
The Marketplace,restaurants.aljaddaf@marriott.com,https://tripadvisor.com/Restaurant_Review-g295424-d6032152-Reviews-The_Marketplace-Dubai_Emirate_of_Dubai.html
Hadoota Masreya,info@hadoota.com,https://tripadvisor.com/Restaurant_Review-g295424-d2438025-Reviews-Hadoota_Masreya-Dubai_Emirate_of_Dubai.html
Peacock Alley DIFC,peacockalley.difc@waldorfastoria.com,https://tripadvisor.com/Restaurant_Review-g295424-d17729456-Reviews-Peacock_Alley_DIFC-Dubai_Emirate_of_Dubai.html
Spice Island,cprestaurants@crowneplazadeira.com,https://tripadvisor.com/Restaurant_Review-g295424-d790226-Reviews-Spice_Island-Dubai_Emirate_of_Dubai.html
Shabestan,booking.diningdubaicreek@radissonblu.com,https://tripadvisor.com/Restaurant_Review-g295424-d804442-Reviews-Shabestan-Dubai_Emirate_of_Dubai.html
Mimi Kakushi,book@mimikakushi.ae,https://tripadvisor.com/Restaurant_Review-g295424-d23120455-Reviews-Mimi_Kakushi-Dubai_Emirate_of_Dubai.html
Eggspectation,ihab.hilal@eggspectation.com,https://tripadvisor.com/Restaurant_Review-g295424-d6776411-Reviews-Eggspectation-Dubai_Emirate_of_Dubai.html
Leña Dubai,reservations@lenadubai.com,https://tripadvisor.com/Restaurant_Review-g295424-d27117954-Reviews-Lena_Dubai-Dubai_Emirate_of_Dubai.html
Kimura-ya Authentic Japanese Restaurant - 4th Branch Creek,creek@kimuraya-dubai.com,https://tripadvisor.com/Restaurant_Review-g295424-d23792600-Reviews-Kimura_ya_Authentic_Japanese_Restaurant_4th_Branch_Creek-Dubai_Emirate_of_Dubai.html
Trader Vic's Palm Jumeirah,dxbpj_TraderVics@hilton.com,https://tripadvisor.com/Restaurant_Review-g295424-d24995393-Reviews-Trader_Vic_s_Palm_Jumeirah-Dubai_Emirate_of_Dubai.html
Atelier M Restaurant,info@atelierm.ae,https://tripadvisor.com/Restaurant_Review-g295424-d6407115-Reviews-Atelier_M_Restaurant-Dubai_Emirate_of_Dubai.html
San Beach Club Dubai,reservations@sanbeachdubai.com,https://tripadvisor.com/Restaurant_Review-g295424-d24098797-Reviews-San_Beach_Club_Dubai-Dubai_Emirate_of_Dubai.html
Tête-à-tête,flh.dining@fivehotelsandresorts.com,https://tripadvisor.com/Restaurant_Review-g295424-d27422173-Reviews-Tete_a_tete-Dubai_Emirate_of_Dubai.html
CouCou,reservations@coucou-dubai.com,https://tripadvisor.com/Restaurant_Review-g295424-d25215212-Reviews-CouCou-Dubai_Emirate_of_Dubai.html
Windows Bar & Lounge,windowsbar.vocodubai@ihg.com,https://tripadvisor.com/Restaurant_Review-g295424-d19284225-Reviews-Windows_Bar_Lounge-Dubai_Emirate_of_Dubai.html
Hikina,ak.dxbak.restaurant.reservations@autographhotels.com,https://tripadvisor.com/Restaurant_Review-g295424-d12380636-Reviews-Hikina-Dubai_Emirate_of_Dubai.html
Skyview Bar,restaurants@jumeirah.com,https://tripadvisor.com/Restaurant_Review-g295424-d3926250-Reviews-Skyview_Bar-Dubai_Emirate_of_Dubai.html
Floor 24,jrgmarketing@jumeirah.com,https://tripadvisor.com/Restaurant_Review-g295424-d23817538-Reviews-Floor_24-Dubai_Emirate_of_Dubai.html
Asador De Aranda Dubai,manager@asadordearanda.ae,https://tripadvisor.com/Restaurant_Review-g295424-d21369501-Reviews-Asador_De_Aranda_Dubai-Dubai_Emirate_of_Dubai.html
,,https://tripadvisor.com/Restaurant_Review-g295424-d1674462-Reviews-Maya_by_Chef_Richard_Sandoval-Dubai_Emirate_of_Dubai.html
Hard Rock Cafe Dubai,sales@hardrockdubai.ae,https://tripadvisor.com/Restaurant_Review-g295424-d2427161-Reviews-Hard_Rock_Cafe_Dubai-Dubai_Emirate_of_Dubai.html
Belgian Beer Cafe,fbreservations.gmhd@millenniumhotels.com,https://tripadvisor.com/Restaurant_Review-g295424-d2364280-Reviews-Belgian_Beer_Cafe-Dubai_Emirate_of_Dubai.html
STK Dubai JBR The Walk,reservations@stkdubaijbr.com,https://tripadvisor.com/Restaurant_Review-g295424-d13226070-Reviews-STK_Dubai_JBR_The_Walk-Dubai_Emirate_of_Dubai.html
Carnival by Tresind,carnival@passionfandb.com,https://tripadvisor.com/Restaurant_Review-g295424-d10818415-Reviews-Carnival_by_Tresind-Dubai_Emirate_of_Dubai.html
Ciao Bella,ciaobella@mediaonehotel.com,https://tripadvisor.com/Restaurant_Review-g295424-d23656974-Reviews-Ciao_Bella-Dubai_Emirate_of_Dubai.html
En Fuego,sandra.barrera@atlantisdubai.com,https://tripadvisor.com/Restaurant_Review-g295424-d25132709-Reviews-En_Fuego-Dubai_Emirate_of_Dubai.html
Amelia Restaurant & Lounge,info@amelialounge.com,https://tripadvisor.com/Restaurant_Review-g295424-d24174653-Reviews-Amelia_Restaurant_Lounge-Dubai_Emirate_of_Dubai.html
La Rive Seaside Restaurant,larive@thoe-hotels.com,https://tripadvisor.com/Restaurant_Review-g295424-d27694308-Reviews-La_Rive_Seaside_Restaurant-Dubai_Emirate_of_Dubai.html
NAZCAA,reservations@nazcaa.com,https://tripadvisor.com/Restaurant_Review-g295424-d25206299-Reviews-NAZCAA-Dubai_Emirate_of_Dubai.html
Fire Lake Grill House Restaurant & Bar,firelake.damachills@radisson.com,https://tripadvisor.com/Restaurant_Review-g295424-d23343808-Reviews-Fire_Lake_Grill_House_Restaurant_Bar-Dubai_Emirate_of_Dubai.html
Summer Place Dubai,summerplace@llvcdubai.com,https://tripadvisor.com/Restaurant_Review-g295424-d3920667-Reviews-Summer_Place_Dubai-Dubai_Emirate_of_Dubai.html
Panini,mariaferodelis@gmail.com,https://tripadvisor.com/Restaurant_Review-g295424-d3920103-Reviews-Panini-Dubai_Emirate_of_Dubai.html
HuQQabaz Dubai,,https://tripadvisor.com/Restaurant_Review-g295424-d24148310-Reviews-HuQQabaz_Dubai-Dubai_Emirate_of_Dubai.html
Via Toledo,info@viatoledo.ae,https://tripadvisor.com/Restaurant_Review-g295424-d24064114-Reviews-Via_Toledo-Dubai_Emirate_of_Dubai.html
The Thai Kitchen,thaikitchen.parkhyattdubai@hyatt.com,https://tripadvisor.com/Restaurant_Review-g295424-d1371559-Reviews-The_Thai_Kitchen-Dubai_Emirate_of_Dubai.html
Brambles,info@bramblesdxb.ae,https://tripadvisor.com/Restaurant_Review-g295424-d15274673-Reviews-Brambles-Dubai_Emirate_of_Dubai.html
Kite Cafe & Restaurant,fnb.rbr@roda-hotels.com,https://tripadvisor.com/Restaurant_Review-g295424-d26151255-Reviews-Kite_Cafe_Restaurant-Dubai_Emirate_of_Dubai.html
Masti - Cocktails & Cuisine,info@mastidubai.com,https://tripadvisor.com/Restaurant_Review-g295424-d13371897-Reviews-Masti_Cocktails_Cuisine-Dubai_Emirate_of_Dubai.html
Pili Pili BBQ House,info@pilipilibbq.com,https://tripadvisor.com/Restaurant_Review-g295424-d27100809-Reviews-Pili_Pili_BBQ_House-Dubai_Emirate_of_Dubai.html
Texas De Brazil Dubai Mall,,https://tripadvisor.com/Restaurant_Review-g295424-d21251151-Reviews-Texas_De_Brazil_Dubai_Mall-Dubai_Emirate_of_Dubai.html
Ming Dynasty Dubai,reservations@mingdynasty.ae,https://tripadvisor.com/Restaurant_Review-g295424-d33355008-Reviews-Ming_Dynasty_Dubai-Dubai_Emirate_of_Dubai.html
Arabian Fish House Restaurant & Cafe - Dubai,info@arabianfishhouse.com,https://tripadvisor.com/Restaurant_Review-g295424-d26832501-Reviews-Arabian_Fish_House_Restaurant_Cafe_Dubai-Dubai_Emirate_of_Dubai.html
Trèsind Dubai,hangoutwithhani@gmail.com,https://tripadvisor.com/Restaurant_Review-g295424-d7257524-Reviews-Tresind_Dubai-Dubai_Emirate_of_Dubai.html
Flour + Stone,,https://tripadvisor.com/Restaurant_Review-g295424-d27747431-Reviews-Flour_Stone-Dubai_Emirate_of_Dubai.html
Hibachi Sushi & Teppanyaki,fbres.grandalbustan@accor.com,https://tripadvisor.com/Restaurant_Review-g295424-d799394-Reviews-Hibachi_Sushi_Teppanyaki-Dubai_Emirate_of_Dubai.html
Bagatelle Dubai,reservation@bistrotbagatelledubai.com,https://tripadvisor.com/Restaurant_Review-g295424-d8874696-Reviews-Bagatelle_Dubai-Dubai_Emirate_of_Dubai.html
Bosporus Turkish Cuisine - The Beach (JBR),info@bosporus-uae.ae,https://tripadvisor.com/Restaurant_Review-g295424-d21402837-Reviews-Bosporus_Turkish_Cuisine_The_Beach_JBR-Dubai_Emirate_of_Dubai.html
Purani Dilli,dtn.restaurants@marriott.com,https://tripadvisor.com/Restaurant_Review-g295424-d16810811-Reviews-Purani_Dilli-Dubai_Emirate_of_Dubai.html
Nonya Dubai,reservations@nonyadubai.com,https://tripadvisor.com/Restaurant_Review-g295424-d23854650-Reviews-Nonya_Dubai-Dubai_Emirate_of_Dubai.html
Al Fanar Restaurant & Cafe - DFC,ahmed@alfanarrestaurant.com,https://tripadvisor.com/Restaurant_Review-g295424-d2469650-Reviews-Al_Fanar_Restaurant_Cafe_DFC-Dubai_Emirate_of_Dubai.html
Ula Dubai,feedback@solutions-leisure.com,https://tripadvisor.com/Restaurant_Review-g295424-d23640158-Reviews-Ula_Dubai-Dubai_Emirate_of_Dubai.html
Mama'Esh,,https://tripadvisor.com/Restaurant_Review-g295424-d11651802-Reviews-Mama_Esh-Dubai_Emirate_of_Dubai.html
Arrazuna,marketing@thelinkdubai.com,https://tripadvisor.com/Restaurant_Review-g295424-d27143865-Reviews-Arrazuna-Dubai_Emirate_of_Dubai.html
Shamiana,reservations@ihcltata.com,https://tripadvisor.com/Restaurant_Review-g295424-d19815899-Reviews-Shamiana-Dubai_Emirate_of_Dubai.html
The Irish Village,info@theirishvillage.com,https://tripadvisor.com/Restaurant_Review-g295424-d1009537-Reviews-The_Irish_Village-Dubai_Emirate_of_Dubai.html
Al Beiruti The Hills,,https://tripadvisor.com/Restaurant_Review-g295424-d25336326-Reviews-Al_Beiruti_The_Hills-Dubai_Emirate_of_Dubai.html
Rang Mahal,mhrs.dxbjw.ays@marriotthotels.com,https://tripadvisor.com/Restaurant_Review-g295424-d23641711-Reviews-Rang_Mahal-Dubai_Emirate_of_Dubai.html
McGettigan's DWTC,contact@mcgettigans.com,https://tripadvisor.com/Restaurant_Review-g295424-d3668278-Reviews-McGettigan_s_DWTC-Dubai_Emirate_of_Dubai.html
Goose Island Tap House JBR,flh.dining@fivehotelsandresorts.com,https://tripadvisor.com/Restaurant_Review-g295424-d27422300-Reviews-Goose_Island_Tap_House_JBR-Dubai_Emirate_of_Dubai.html
Al Ustad Special Kabab,,https://tripadvisor.com/Restaurant_Review-g295424-d12676251-Reviews-Al_Ustad_Special_Kabab-Dubai_Emirate_of_Dubai.html
Farmers Commons,,https://tripadvisor.com/Restaurant_Review-g295424-d33004701-Reviews-Farmers_Commons-Dubai_Emirate_of_Dubai.html
Tortilla - Media City,customercare@eathos.net,https://tripadvisor.com/Restaurant_Review-g295424-d19247940-Reviews-Tortilla_Media_City-Dubai_Emirate_of_Dubai.html
The Beam,resbook.leroyalmeridien@lemeridien.com,https://tripadvisor.com/Restaurant_Review-g295424-d32863574-Reviews-The_Beam-Dubai_Emirate_of_Dubai.html
Desi Dhaba,atriumfnb@fortunehotels.ae,https://tripadvisor.com/Restaurant_Review-g295424-d23554617-Reviews-Desi_Dhaba-Dubai_Emirate_of_Dubai.html
McG's By McGettigan's Al Barsha,McGs.Albarsha@accor.com,https://tripadvisor.com/Restaurant_Review-g295424-d34098926-Reviews-McG_s_By_McGettigan_s_Al_Barsha-Dubai_Emirate_of_Dubai.html
Peppercrab,dubai.grand@hyatt.com,https://tripadvisor.com/Restaurant_Review-g295424-d1371551-Reviews-Peppercrab-Dubai_Emirate_of_Dubai.html
Ella's Eatery,,https://tripadvisor.com/Restaurant_Review-g295424-d21509622-Reviews-Ella_s_Eatery-Dubai_Emirate_of_Dubai.html
Czn Burak Dubai,social@arunfoodbeverage.com,https://tripadvisor.com/Restaurant_Review-g295424-d21403999-Reviews-Czn_Burak_Dubai-Dubai_Emirate_of_Dubai.html
Jones The Grocer,,https://tripadvisor.com/Restaurant_Review-g295424-d25152460-Reviews-Jones_The_Grocer-Dubai_Emirate_of_Dubai.html
Ting Irie,info@tingirie.com,https://tripadvisor.com/Restaurant_Review-g295424-d10305527-Reviews-Ting_Irie-Dubai_Emirate_of_Dubai.html
Vivaldi Restaurant & Lounge,vivaldi.reservations@sheraton.com,https://tripadvisor.com/Restaurant_Review-g295424-d1723010-Reviews-Vivaldi_Restaurant_Lounge-Dubai_Emirate_of_Dubai.html
Jules,restaurants.lmd@lemeridien.com,https://tripadvisor.com/Restaurant_Review-g295424-d3919457-Reviews-Jules-Dubai_Emirate_of_Dubai.html
Culinara Dubai,info@culinaradubai.com,https://tripadvisor.com/Restaurant_Review-g295424-d33118944-Reviews-Culinara_Dubai-Dubai_Emirate_of_Dubai.html
Yum!,arlene.evasco@radissonblu.com,https://tripadvisor.com/Restaurant_Review-g295424-d1454214-Reviews-Yum-Dubai_Emirate_of_Dubai.html
Village Bistro,restaurantreservation.jvc@thefirstcollection.ae,https://tripadvisor.com/Restaurant_Review-g295424-d23632018-Reviews-Village_Bistro-Dubai_Emirate_of_Dubai.html
Casa Mia,restaurants.lmd@lemeridien.com,https://tripadvisor.com/Restaurant_Review-g295424-d2266361-Reviews-Casa_Mia-Dubai_Emirate_of_Dubai.html
Ewaan,dineatpalacedowntown@addresshotels.com,https://www.tripadvisor.com/Restaurant_Review-g295424-d3919183-Reviews-Ewaan-Dubai_Emirate_of_Dubai.html
3BK Restaurant,info@3bkdubai.com,https://www.tripadvisor.com/Restaurant_Review-g295424-d20147433-Reviews-3BK_Restaurant-Dubai_Emirate_of_Dubai.html
Alloro,info@allorodubai.com,https://www.tripadvisor.com/Restaurant_Review-g295424-d13293562-Reviews-Alloro-Dubai_Emirate_of_Dubai.html
Qamar,restaurant.awid@anantara.com,https://www.tripadvisor.com/Restaurant_Review-g295424-d23810566-Reviews-Qamar-Dubai_Emirate_of_Dubai.html
Asia Asia Business Bay,info@asia-asia.com,https://www.tripadvisor.com/Restaurant_Review-g295424-d24888689-Reviews-Asia_Asia_Business_Bay-Dubai_Emirate_of_Dubai.html
Orfali Bros Bistro,info@orfalibros.com,https://www.tripadvisor.com/Restaurant_Review-g295424-d25231859-Reviews-Orfali_Bros_Bistro-Dubai_Emirate_of_Dubai.html
Cinque,fpjd.dining@fivehotelsandresorts.com,https://www.tripadvisor.com/Restaurant_Review-g295424-d19449698-Reviews-Cinque-Dubai_Emirate_of_Dubai.html
Ballarò Restaurant & Terrace,fb.dubai@conradhotels.com,https://www.tripadvisor.com/Restaurant_Review-g295424-d5001660-Reviews-Ballaro_Restaurant_Terrace-Dubai_Emirate_of_Dubai.html
M Society,msociety.mahd@millenniumhotels.com,https://www.tripadvisor.com/Restaurant_Review-g295424-d33046223-Reviews-M_Society-Dubai_Emirate_of_Dubai.html
Villamoré,reservation@villamoredubai.com,https://www.tripadvisor.com/Restaurant_Review-g295424-d15624361-Reviews-Villamore-Dubai_Emirate_of_Dubai.html
Yingsu,angela@forefrontgroup.co,https://www.tripadvisor.com/Restaurant_Review-g295424-d23991953-Reviews-Yingsu-Dubai_Emirate_of_Dubai.html
Mcgettigan's Ibn Battuta Gate,admin@mcgettigans.com,https://www.tripadvisor.com/Restaurant_Review-g295424-d28601140-Reviews-Mcgettigan_s_Ibn_Battuta_Gate-Dubai_Emirate_of_Dubai.html
RePUBlik,restaurant.reservation@jaresorts.com,https://www.tripadvisor.com/Restaurant_Review-g295424-d18857711-Reviews-RePUBlik-Dubai_Emirate_of_Dubai.html
Lavang,info@lavang.ae,https://www.tripadvisor.com/Restaurant_Review-g295424-d33160648-Reviews-Lavang-Dubai_Emirate_of_Dubai.html
Iliana,ilianamanagement@jumeirah.com,https://www.tripadvisor.com/Restaurant_Review-g295424-d32986710-Reviews-Iliana-Dubai_Emirate_of_Dubai.html
Market24,dubaicreekheights.regency@hyatt.com,https://www.tripadvisor.com/Restaurant_Review-g295424-d9794786-Reviews-Market24-Dubai_Emirate_of_Dubai.html
Sansation Restaurants,marketing@rockandup.com,https://www.tripadvisor.com/Restaurant_Review-g295424-d8741296-Reviews-Sansation_Restaurants-Dubai_Emirate_of_Dubai.html
Raia Restaurant & Lounge,raia.exoticadubai@tajhotels.com,https://www.tripadvisor.com/Restaurant_Review-g295424-d23846843-Reviews-Raia_Restaurant_Lounge-Dubai_Emirate_of_Dubai.html
IKKA Dubai,ikkareservations@hyatt.com,https://www.tripadvisor.com/Restaurant_Review-g295424-d30233107-Reviews-IKKA_Dubai-Dubai_Emirate_of_Dubai.html
Cipriani,dubai@cipriani.com,https://www.tripadvisor.com/Restaurant_Review-g295424-d10100776-Reviews-Cipriani-Dubai_Emirate_of_Dubai.html
Playa Pacha,flh.dining@fivehotelsandresorts.com,https://www.tripadvisor.com/Restaurant_Review-g295424-d27422279-Reviews-Playa_Pacha-Dubai_Emirate_of_Dubai.html
Arboretum,restaurants@jumeirah.com,https://www.tripadvisor.com/Restaurant_Review-g295424-d1930096-Reviews-Arboretum-Dubai_Emirate_of_Dubai.html
Billionaire Dubai,dubai@billionairesociety.com,https://www.tripadvisor.com/Restaurant_Review-g295424-d10397710-Reviews-Billionaire_Dubai-Dubai_Emirate_of_Dubai.html
Isabella Cucina Italiana,info@isabellas.ae,https://www.tripadvisor.com/Restaurant_Review-g295424-d28643303-Reviews-Isabella_Cucina_Italiana-Dubai_Emirate_of_Dubai.html
Bounty Beets,bounty.beets@marriott.com,https://www.tripadvisor.com/Restaurant_Review-g295424-d10375334-Reviews-Bounty_Beets-Dubai_Emirate_of_Dubai.html
"The Courtyard, Vida Creek Harbour",dine@emaar.com,https://www.tripadvisor.com/Restaurant_Review-g295424-d19368271-Reviews-The_Courtyard_Vida_Creek_Harbour-Dubai_Emirate_of_Dubai.html
MOLI by SHI,reservation@molibyshi.com,https://www.tripadvisor.com/Restaurant_Review-g295424-d26772749-Reviews-MOLI_by_SHI-Dubai_Emirate_of_Dubai.html
Scandal Dubai,info@scandal.ae,https://www.tripadvisor.com/Restaurant_Review-g295424-d33070307-Reviews-Scandal_Dubai-Dubai_Emirate_of_Dubai.html
Jones The Grocer - Radisson RED Dubai Silicon Oasis,dso@jonesthegrocer.com,https://www.tripadvisor.com/Restaurant_Review-g295424-d23958093-Reviews-Jones_The_Grocer_Radisson_RED_Dubai_Silicon_Oasis-Dubai_Emirate_of_Dubai.html
LAGOM by Chival,laville.dining@autographhotels.com,https://www.tripadvisor.com/Restaurant_Review-g295424-d12597643-Reviews-LAGOM_by_Chival-Dubai_Emirate_of_Dubai.html
Bebemos,restaurants.lmd@lemeridien.com,https://www.tripadvisor.com/Restaurant_Review-g295424-d16884080-Reviews-Bebemos-Dubai_Emirate_of_Dubai.html
Jack's Bar & Grill,jacks@elr.ae,https://www.tripadvisor.com/Restaurant_Review-g295424-d6153596-Reviews-Jack_s_Bar_Grill-Dubai_Emirate_of_Dubai.html
Charcoal Garden Restaurant And Cafe,info@charcoalgarden.net,https://www.tripadvisor.com/Restaurant_Review-g295424-d19762914-Reviews-Charcoal_Garden_Restaurant_And_Cafe-Dubai_Emirate_of_Dubai.html
Anása,fb.dubai@conradhotels.com,https://www.tripadvisor.com/Restaurant_Review-g295424-d23803894-Reviews-Anasa-Dubai_Emirate_of_Dubai.html
Mumtaz Mahal Indian Speciality Restaurant,info@arabiancourtyard.com,https://www.tripadvisor.com/Restaurant_Review-g295424-d1577269-Reviews-Mumtaz_Mahal_Indian_Speciality_Restaurant-Dubai_Emirate_of_Dubai.html
Patriki,,https://www.tripadvisor.com/Restaurant_Review-g295424-d25298477-Reviews-Patriki-Dubai_Emirate_of_Dubai.html
Joe's Backyard,reservations@joebackyard.com,https://www.tripadvisor.com/Restaurant_Review-g295424-d15223666-Reviews-Joe_s_Backyard-Dubai_Emirate_of_Dubai.html
Mado Jumeirah,info@mado.ae,https://www.tripadvisor.com/Restaurant_Review-g295424-d10876691-Reviews-Mado_Jumeirah-Dubai_Emirate_of_Dubai.html
A Casa By Bla Bla,reserve@blabladubai.ae,https://www.tripadvisor.com/Restaurant_Review-g295424-d24837962-Reviews-A_Casa_By_Bla_Bla-Dubai_Emirate_of_Dubai.html
AER Lounge Dubai,reservations@aerdubai.com,https://www.tripadvisor.com/Restaurant_Review-g295424-d18964723-Reviews-AER_Lounge_Dubai-Dubai_Emirate_of_Dubai.html
Siena,resbook.grosvenorhouse@luxurycollection.com,https://www.tripadvisor.com/Restaurant_Review-g295424-d32702186-Reviews-Siena-Dubai_Emirate_of_Dubai.html
Nando's Mall of the Emirates,,https://www.tripadvisor.com/Restaurant_Review-g295424-d21250678-Reviews-Nando_s_Mall_of_the_Emirates-Dubai_Emirate_of_Dubai.html
The Canteen Bowl & Co.,feedme.accd@alofthotels.com,https://www.tripadvisor.com/Restaurant_Review-g295424-d14203242-Reviews-The_Canteen_Bowl_Co-Dubai_Emirate_of_Dubai.html
Rare Brasserie & Bar,reservations@therare.ae,https://www.tripadvisor.com/Restaurant_Review-g295424-d26617904-Reviews-Rare_Brasserie_Bar-Dubai_Emirate_of_Dubai.html
Avatāra,avatara@passionfandb.com,https://www.tripadvisor.com/Restaurant_Review-g295424-d23908539-Reviews-Avatara-Dubai_Emirate_of_Dubai.html
Al Safadi Restaurant,,https://www.tripadvisor.com/Restaurant_Review-g295424-d3924978-Reviews-Al_Safadi_Restaurant-Dubai_Emirate_of_Dubai.html
Gusto Italian Restaurant,fb.albandar@rotana.com,https://www.tripadvisor.com/Restaurant_Review-g295424-d13508206-Reviews-Gusto_Italian_Restaurant-Dubai_Emirate_of_Dubai.html
Birch Restaurant,bookingbirchdxb@gmail.com,https://www.tripadvisor.com/Restaurant_Review-g295424-d32988862-Reviews-Birch_Restaurant-Dubai_Emirate_of_Dubai.html
Seven Seeds,restaurants.vpvd@avanihotels.com,https://www.tripadvisor.com/Restaurant_Review-g295424-d23081957-Reviews-Seven_Seeds-Dubai_Emirate_of_Dubai.html
Sansation Arabian Ranches,marketing@rockandup.com,https://www.tripadvisor.com/Restaurant_Review-g295424-d23802164-Reviews-Sansation_Arabian_Ranches-Dubai_Emirate_of_Dubai.html
Virgin Izakaya Dubai,reservations@virginizakaya-dxb.com,https://www.tripadvisor.com/Restaurant_Review-g295424-d23988354-Reviews-Virgin_Izakaya_Dubai-Dubai_Emirate_of_Dubai.html
Siraj,reservations@sirajrestaurant.com,https://www.tripadvisor.com/Restaurant_Review-g295424-d10289909-Reviews-Siraj-Dubai_Emirate_of_Dubai.html
Baba Dubai,03034.restaurants@westin.com,https://www.tripadvisor.com/Restaurant_Review-g295424-d19060014-Reviews-Baba_Dubai-Dubai_Emirate_of_Dubai.html
Il Borro Tuscan Bistro Dubai,reservations@ilborrotuscanbistro.ae,https://www.tripadvisor.com/Restaurant_Review-g295424-d12069532-Reviews-Il_Borro_Tuscan_Bistro_Dubai-Dubai_Emirate_of_Dubai.html
Krasota Dubai Restaurant,dubai@krasota.art,https://www.tripadvisor.com/Restaurant_Review-g295424-d25350700-Reviews-Krasota_Dubai_Restaurant-Dubai_Emirate_of_Dubai.html
Enigma,enigma@palazzoversace.ae,https://www.tripadvisor.com/Restaurant_Review-g295424-d9769000-Reviews-Enigma-Dubai_Emirate_of_Dubai.html
Warehouse,restaurants.lmd@lemeridien.com,https://www.tripadvisor.com/Restaurant_Review-g295424-d1847921-Reviews-Warehouse-Dubai_Emirate_of_Dubai.html
Stay By Yannick Alléno,restaurants@oneandonlythepalm.com,https://www.tripadvisor.com/Restaurant_Review-g295424-d2104209-Reviews-Stay_By_Yannick_Alleno-Dubai_Emirate_of_Dubai.html
Fouquet's Dubai,reservations-dubai@fouquets.com,https://www.tripadvisor.com/Restaurant_Review-g295424-d25342724-Reviews-Fouquet_s_Dubai-Dubai_Emirate_of_Dubai.html
Papas Dubai,reservations@papasdubai.com,https://www.tripadvisor.com/Restaurant_Review-g295424-d26720796-Reviews-Papas_Dubai-Dubai_Emirate_of_Dubai.html
88 Hong Kong,,https://www.tripadvisor.com/Restaurant_Review-g295424-d27705442-Reviews-88_Hong_Kong-Dubai_Emirate_of_Dubai.html
Al Safadi,info@alsafadi.ae,https://www.tripadvisor.com/Restaurant_Review-g295424-d1796881-Reviews-Al_Safadi-Dubai_Emirate_of_Dubai.html
Andaliman,marketing@thelinkdubai.com,https://www.tripadvisor.com/Restaurant_Review-g295424-d27143779-Reviews-Andaliman-Dubai_Emirate_of_Dubai.html
Villa Verona,dxbjb_villaverona@hilton.com,https://www.tripadvisor.com/Restaurant_Review-g295424-d23660860-Reviews-Villa_Verona-Dubai_Emirate_of_Dubai.html
Al Beiruti Cafe Dubai Festival City Mall,operations.fc@albeiruti.com,https://www.tripadvisor.com/Restaurant_Review-g295424-d28704282-Reviews-Al_Beiruti_Cafe_Dubai_Festival_City_Mall-Dubai_Emirate_of_Dubai.html
Tang Dubai Downtown,reservationsdubai@tang.ae,https://www.tripadvisor.com/Restaurant_Review-g295424-d32866486-Reviews-Tang_Dubai_Downtown-Dubai_Emirate_of_Dubai.html
La Tablita Dubai,restaurantreservations.dxbhc@hyatt.com,https://www.tripadvisor.com/Restaurant_Review-g295424-d9594530-Reviews-La_Tablita_Dubai-Dubai_Emirate_of_Dubai.html
Catch22 | JBR,,https://www.tripadvisor.com/Restaurant_Review-g295424-d11853792-Reviews-Catch22_JBR-Dubai_Emirate_of_Dubai.html
Andiamo!,reservations.grandhyattdubai@hyatt.com,https://www.tripadvisor.com/Restaurant_Review-g295424-d2034979-Reviews-Andiamo-Dubai_Emirate_of_Dubai.html
Leen's DIFC,difc@eatkaiso.com,https://www.tripadvisor.com/Restaurant_Review-g295424-d21409963-Reviews-Leen_s_DIFC-Dubai_Emirate_of_Dubai.html
Salero Tapas & Bodega,dining.moe@kempinski.com,https://www.tripadvisor.com/Restaurant_Review-g295424-d5779245-Reviews-Salero_Tapas_Bodega-Dubai_Emirate_of_Dubai.html
Sports Cafe,restaurant.reservation@jaresorts.com,https://www.tripadvisor.com/Restaurant_Review-g295424-d3926267-Reviews-Sports_Cafe-Dubai_Emirate_of_Dubai.html
Rockfish,restaurants@jumeirah.com,https://www.tripadvisor.com/Restaurant_Review-g295424-d12144252-Reviews-Rockfish-Dubai_Emirate_of_Dubai.html
Hafız Mustafa 1864 Mall of the Emirates,malloftheemirates@hafizmustafa.com,https://www.tripadvisor.com/Restaurant_Review-g295424-d31322614-Reviews-HafIz_Mustafa_1864_Mall_of_the_Emirates-Dubai_Emirate_of_Dubai.html
Clap Restaurant Dubai,reservations@clapdubai.com,https://www.tripadvisor.com/Restaurant_Review-g295424-d22838842-Reviews-Clap_Restaurant_Dubai-Dubai_Emirate_of_Dubai.html
Zenon Restaurant,reservations@zenonrestaurant.com,https://www.tripadvisor.com/Restaurant_Review-g295424-d26662588-Reviews-Zenon_Restaurant-Dubai_Emirate_of_Dubai.html
Roberto's Dubai,reservations@robertos.ae,https://www.tripadvisor.com/Restaurant_Review-g295424-d3175407-Reviews-Roberto_s_Dubai-Dubai_Emirate_of_Dubai.html
Mowsem,,https://www.tripadvisor.com/Restaurant_Review-g295424-d24995077-Reviews-Mowsem-Dubai_Emirate_of_Dubai.html
McCafferty's Jumeirah Village,infodxb@mccaffertysbars.com,https://www.tripadvisor.com/Restaurant_Review-g295424-d23631944-Reviews-McCafferty_s_Jumeirah_Village-Dubai_Emirate_of_Dubai.html
La Farine,mhrs.dxbjw.restaurant.reservation@marriott.com,https://www.tripadvisor.com/Restaurant_Review-g295424-d3929410-Reviews-La_Farine-Dubai_Emirate_of_Dubai.html
Caviar Kaspia Dubai,reservations@kaspiadubai.com,https://www.tripadvisor.com/Restaurant_Review-g295424-d23651475-Reviews-Caviar_Kaspia_Dubai-Dubai_Emirate_of_Dubai.html
B-town Restro Bar,prasad6830@yahoo.com,https://www.tripadvisor.com/Restaurant_Review-g295424-d23598921-Reviews-B_town_Restro_Bar-Dubai_Emirate_of_Dubai.html
Wavebreaker Beachside Restaurant,restaurant.jbr@hilton.com,https://www.tripadvisor.com/Restaurant_Review-g295424-d2209723-Reviews-Wavebreaker_Beachside_Restaurant-Dubai_Emirate_of_Dubai.html
Ave Dubai,info@avedubai.ae,https://www.tripadvisor.com/Restaurant_Review-g295424-d25559941-Reviews-Ave_Dubai-Dubai_Emirate_of_Dubai.html
Mundo,,https://www.tripadvisor.com/Restaurant_Review-g295424-d8808806-Reviews-Mundo-Dubai_Emirate_of_Dubai.html
The Maine Land Brasserie,reservebusinessbay@themaine.ae,https://www.tripadvisor.com/Restaurant_Review-g295424-d20472149-Reviews-The_Maine_Land_Brasserie-Dubai_Emirate_of_Dubai.html
Bridgewater Tavern,,https://www.tripadvisor.com/Restaurant_Review-g295424-d12233337-Reviews-Bridgewater_Tavern-Dubai_Emirate_of_Dubai.html
Privilege Club,privilege.dubai@slshotels.com,https://www.tripadvisor.com/Restaurant_Review-g295424-d24070489-Reviews-Privilege_Club-Dubai_Emirate_of_Dubai.html
Le Meridien Village Terrace,Restaurants.lmd@lemeridien.com,https://www.tripadvisor.com/Restaurant_Review-g295424-d2412725-Reviews-Le_Meridien_Village_Terrace-Dubai_Emirate_of_Dubai.html
Lah Lah Restaurant,lahlah@jumeirah.com,https://www.tripadvisor.com/Restaurant_Review-g295424-d16879303-Reviews-Lah_Lah_Restaurant-Dubai_Emirate_of_Dubai.html
Tortilla Marina Mall,customercare@eathos.net,https://www.tripadvisor.com/Restaurant_Review-g295424-d26838882-Reviews-Tortilla_Marina_Mall-Dubai_Emirate_of_Dubai.html
Em Sherif Restaurant Dubai,Info@emsherif.ae,https://www.tripadvisor.com/Restaurant_Review-g295424-d7379815-Reviews-Em_Sherif_Restaurant_Dubai-Dubai_Emirate_of_Dubai.html
Texas Roadhouse,trh.dxbmall-uae@alshaya.com,https://www.tripadvisor.com/Restaurant_Review-g295424-d2310358-Reviews-Texas_Roadhouse-Dubai_Emirate_of_Dubai.html
Toad in the Hole,,https://www.tripadvisor.com/Restaurant_Review-g295424-d27106529-Reviews-Toad_in_the_Hole-Dubai_Emirate_of_Dubai.html
The Beach Grill,dineatbeachresort@addresshotels.com,https://www.tripadvisor.com/Restaurant_Review-g295424-d21494989-Reviews-The_Beach_Grill-Dubai_Emirate_of_Dubai.html
The Hide,restaurants@jumeirah.com,https://www.tripadvisor.com/Restaurant_Review-g295424-d8734288-Reviews-The_Hide-Dubai_Emirate_of_Dubai.html
The Beach House,restaurants.dubai@anantara.com,https://www.tripadvisor.com/Restaurant_Review-g295424-d5112450-Reviews-The_Beach_House-Dubai_Emirate_of_Dubai.html
Ariana's Persian Kitchen,arianaspersiankitchen@atlantisdubai.com,https://www.tripadvisor.com/Restaurant_Review-g295424-d25236730-Reviews-Ariana_s_Persian_Kitchen-Dubai_Emirate_of_Dubai.html
February 30,reservation@february30dubai.com,https://www.tripadvisor.com/Restaurant_Review-g295424-d23722576-Reviews-February_30-Dubai_Emirate_of_Dubai.html
Mott 32 Dubai,reservations@mott32dubai.com,https://www.tripadvisor.com/Restaurant_Review-g295424-d25266023-Reviews-Mott_32_Dubai-Dubai_Emirate_of_Dubai.html
Giardino,giardino@palazzoversace.ae,https://www.tripadvisor.com/Restaurant_Review-g295424-d9768986-Reviews-Giardino-Dubai_Emirate_of_Dubai.html
Tabū Dubai,tabu.reservations@stregis.com,https://www.tripadvisor.com/Restaurant_Review-g295424-d23891219-Reviews-Tabu_Dubai-Dubai_Emirate_of_Dubai.html
Revo Café at Anantara The Palm,restaurants.dubai@anantara.com,https://www.tripadvisor.com/Restaurant_Review-g295424-d10779125-Reviews-Revo_Cafe_at_Anantara_The_Palm-Dubai_Emirate_of_Dubai.html
Punjab Grill Dubai,punjabgrill.anantara@supereats.co.in,https://www.tripadvisor.com/Restaurant_Review-g295424-d23633656-Reviews-Punjab_Grill_Dubai-Dubai_Emirate_of_Dubai.html
Nai,fb.dxb11@adnhmc.com,https://www.tripadvisor.com/Restaurant_Review-g295424-d3918680-Reviews-Nai-Dubai_Emirate_of_Dubai.html
Oak Dubai,hello@oakdxb.com,https://www.tripadvisor.com/Restaurant_Review-g295424-d27466494-Reviews-Oak_Dubai-Dubai_Emirate_of_Dubai.html
"The Blacksmith Bar & Eatery, Business Bay",diningreservation.bb@thefirstcollection.ae,https://www.tripadvisor.com/Restaurant_Review-g295424-d24146118-Reviews-The_Blacksmith_Bar_Eatery_Business_Bay-Dubai_Emirate_of_Dubai.html
Local - TRYP by Wyndham,reservations@trypdubai.com,https://www.tripadvisor.com/Restaurant_Review-g295424-d13294520-Reviews-Local_TRYP_by_Wyndham-Dubai_Emirate_of_Dubai.html
West Side Bar & Kitchen,westside.bar.kitchen@dihdxb.ae,https://www.tripadvisor.com/Restaurant_Review-g295424-d34612271-Reviews-West_Side_Bar_Kitchen-Dubai_Emirate_of_Dubai.html
Chutney's Restaurant,,https://www.tripadvisor.com/Restaurant_Review-g295424-d3918908-Reviews-Chutney_s_Restaurant-Dubai_Emirate_of_Dubai.html
Bedrock Pier 7,bookings@bedrockdxb.ae,https://www.tripadvisor.com/Restaurant_Review-g295424-d24126364-Reviews-Bedrock_Pier_7-Dubai_Emirate_of_Dubai.html
Troy Dubai,,https://www.tripadvisor.com/Restaurant_Review-g295424-d32826953-Reviews-Troy_Dubai-Dubai_Emirate_of_Dubai.html
Yula Lounge,connect@yulalounge.com,https://www.tripadvisor.com/Restaurant_Review-g295424-d11841681-Reviews-Yula_Lounge-Dubai_Emirate_of_Dubai.html
High Note Pool And Sky Lounge,group.ops@ikiaventures.com,https://www.tripadvisor.com/Restaurant_Review-g295424-d23781683-Reviews-High_Note_Pool_And_Sky_Lounge-Dubai_Emirate_of_Dubai.html
The Nine,dine.dubaitheobelisk@sofitel.com,https://www.tripadvisor.com/Restaurant_Review-g295424-d21369411-Reviews-The_Nine-Dubai_Emirate_of_Dubai.html
Trouvaille,,https://www.tripadvisor.com/Restaurant_Review-g295424-d21299704-Reviews-Trouvaille-Dubai_Emirate_of_Dubai.html
Din Tai Fung - The Dubai Mall,,https://www.tripadvisor.com/Restaurant_Review-g295424-d19112395-Reviews-Din_Tai_Fung_The_Dubai_Mall-Dubai_Emirate_of_Dubai.html
O DUBAI,reservations@oloungedubai.com,https://www.tripadvisor.com/Restaurant_Review-g295424-d24165735-Reviews-O_DUBAI-Dubai_Emirate_of_Dubai.html
Couqley Downtown Dubai,couqley.downtown@gmail.com,https://www.tripadvisor.com/Restaurant_Review-g295424-d25106865-Reviews-Couqley_Downtown_Dubai-Dubai_Emirate_of_Dubai.html
Grapeskin Grape Bar and Kitchen,laville.dining@autographhotels.com,https://www.tripadvisor.com/Restaurant_Review-g295424-d12632821-Reviews-Grapeskin_Grape_Bar_and_Kitchen-Dubai_Emirate_of_Dubai.html
Il Forno Al Ghurair Centre,marketing@ilfornogroup.com,https://www.tripadvisor.com/Restaurant_Review-g295424-d21159538-Reviews-Il_Forno_Al_Ghurair_Centre-Dubai_Emirate_of_Dubai.html
Jones the Grocer - Al Manara,almanara@jonesthegrocer.com,https://www.tripadvisor.com/Restaurant_Review-g295424-d2329037-Reviews-Jones_the_Grocer_Al_Manara-Dubai_Emirate_of_Dubai.html
Al Nafoorah - Jumeirah Zabeel Saray,jzsrestaurants@jumeirah.com,https://www.tripadvisor.com/Restaurant_Review-g295424-d2199988-Reviews-Al_Nafoorah_Jumeirah_Zabeel_Saray-Dubai_Emirate_of_Dubai.html
Pipes Shisha Lounge,,https://www.tripadvisor.com/Restaurant_Review-g295424-d23961498-Reviews-Pipes_Shisha_Lounge-Dubai_Emirate_of_Dubai.html
Sufra Restaurant,,https://www.tripadvisor.com/Restaurant_Review-g295424-d8308615-Reviews-Sufra_Restaurant-Dubai_Emirate_of_Dubai.html
TJ's Dubai,tjsdubai@tajhotels.com,https://www.tripadvisor.com/Restaurant_Review-g295424-d19813427-Reviews-TJ_s_Dubai-Dubai_Emirate_of_Dubai.html
Fisherman's Hub,fishermanshub2020@gmail.com,https://www.tripadvisor.com/Restaurant_Review-g295424-d23191024-Reviews-Fisherman_s_Hub-Dubai_Emirate_of_Dubai.html
Alici,reservations@alici.com,https://www.tripadvisor.com/Restaurant_Review-g295424-d16856894-Reviews-Alici-Dubai_Emirate_of_Dubai.html
Bayt Al Wakeel,rafi@alrafi.ae,https://www.tripadvisor.com/Restaurant_Review-g295424-d1808949-Reviews-Bayt_Al_Wakeel-Dubai_Emirate_of_Dubai.html
Tagine - One&Only Royal Mirage,restaurants@oneandonlyroyalmirage.ae,https://www.tripadvisor.com/Restaurant_Review-g295424-d1123574-Reviews-Tagine_One_Only_Royal_Mirage-Dubai_Emirate_of_Dubai.html
La Letizia Café & Restro,laletiziadubai@gmail.com,https://www.tripadvisor.com/Restaurant_Review-g295424-d25244038-Reviews-La_Letizia_Cafe_Restro-Dubai_Emirate_of_Dubai.html
FireLake Grill House & Cocktail Bar,firelake.waterfront.dubai@radissonblu.com,https://www.tripadvisor.com/Restaurant_Review-g295424-d15105312-Reviews-FireLake_Grill_House_Cocktail_Bar-Dubai_Emirate_of_Dubai.html
Tomo,reservations@tomo.ae,https://www.tripadvisor.com/Restaurant_Review-g295424-d3635771-Reviews-Tomo-Dubai_Emirate_of_Dubai.html
ROKA Dubai,reservations@rokarestaurant.ae,https://www.tripadvisor.com/Restaurant_Review-g295424-d19903800-Reviews-ROKA_Dubai-Dubai_Emirate_of_Dubai.html
Fumée Steakhouse Marina,,https://www.tripadvisor.com/Restaurant_Review-g295424-d33913186-Reviews-Fumee_Steakhouse_Marina-Dubai_Emirate_of_Dubai.html
Canary Club,book@canaryclub.com,https://www.tripadvisor.com/Restaurant_Review-g295424-d23773951-Reviews-Canary_Club-Dubai_Emirate_of_Dubai.html
Liv Restaurant,wpalmdining@whotelsworldwide.com,https://www.tripadvisor.com/Restaurant_Review-g295424-d15694894-Reviews-Liv_Restaurant-Dubai_Emirate_of_Dubai.html
The Korean Restaurant,info@koreandxb.com,https://www.tripadvisor.com/Restaurant_Review-g295424-d12430368-Reviews-The_Korean_Restaurant-Dubai_Emirate_of_Dubai.html
Maxzi The Good Food Shop,sales@maxzi.ae,https://www.tripadvisor.com/Restaurant_Review-g295424-d14888078-Reviews-Maxzi_The_Good_Food_Shop-Dubai_Emirate_of_Dubai.html
Gunaydin,info@gunaydindubai.com,https://www.tripadvisor.com/Restaurant_Review-g295424-d11923498-Reviews-Gunaydin-Dubai_Emirate_of_Dubai.html
Larte Studio One,ciao@studioonehotel.com,https://www.tripadvisor.com/Restaurant_Review-g295424-d21042447-Reviews-Larte_Studio_One-Dubai_Emirate_of_Dubai.html
Shang Palace,fbreservations.sldb@shangri-la.com,https://www.tripadvisor.com/Restaurant_Review-g295424-d1629175-Reviews-Shang_Palace-Dubai_Emirate_of_Dubai.html
Secret Garden by VII,reservations@viidubai.com,https://www.tripadvisor.com/Restaurant_Review-g295424-d20215295-Reviews-Secret_Garden_by_VII-Dubai_Emirate_of_Dubai.html
Netsu,modub-netsu@mohg.com,https://www.tripadvisor.com/Restaurant_Review-g295424-d33369500-Reviews-Netsu-Dubai_Emirate_of_Dubai.html
Nando's Dubai Festival City Mall,customercare@nandosuae.ae,https://www.tripadvisor.com/Restaurant_Review-g295424-d19689948-Reviews-Nando_s_Dubai_Festival_City_Mall-Dubai_Emirate_of_Dubai.html
The Tap House - Dubai Hills,infodhe@thetaphouse.ae,https://www.tripadvisor.com/Restaurant_Review-g295424-d25327873-Reviews-The_Tap_House_Dubai_Hills-Dubai_Emirate_of_Dubai.html
Vyne,diningreservation.bb@thefirstcollection.ae,https://www.tripadvisor.com/Restaurant_Review-g295424-d24146096-Reviews-Vyne-Dubai_Emirate_of_Dubai.html
Borbone Pizzeria Jlt,jlt@800borbone.com,https://www.tripadvisor.com/Restaurant_Review-g295424-d33349431-Reviews-Borbone_Pizzeria_Jlt-Dubai_Emirate_of_Dubai.html
Joe's Backyard Gastropub,jic@joebackyard.com,https://www.tripadvisor.com/Restaurant_Review-g295424-d23322094-Reviews-Joe_s_Backyard_Gastropub-Dubai_Emirate_of_Dubai.html
Absolute Barbecues,reservation@absolutebarbecuesme.com,https://www.tripadvisor.com/Restaurant_Review-g295424-d7318681-Reviews-Absolute_Barbecues-Dubai_Emirate_of_Dubai.html
Hashmi Barbeque dxb,hashmibbqdxb@hotmail.com,https://www.tripadvisor.com/Restaurant_Review-g295424-d21141235-Reviews-Hashmi_Barbeque_dxb-Dubai_Emirate_of_Dubai.html
Al Fanar Restaurant,ahmed@alfanarrestaurant.com,https://www.tripadvisor.com/Restaurant_Review-g295424-d17396896-Reviews-Al_Fanar_Restaurant-Dubai_Emirate_of_Dubai.html
Samad Al Iraqi,samad.iraqi@yahoo.com,https://www.tripadvisor.com/Restaurant_Review-g295424-d2715149-Reviews-Samad_Al_Iraqi-Dubai_Emirate_of_Dubai.html
C Restaurant,info@cello-group.com,https://www.tripadvisor.com/Restaurant_Review-g295424-d21378611-Reviews-C_Restaurant-Dubai_Emirate_of_Dubai.html
Dunes Cafe,fbreservations.sldb@shangri-la.com,https://www.tripadvisor.com/Restaurant_Review-g295424-d1917603-Reviews-Dunes_Cafe-Dubai_Emirate_of_Dubai.html
V Lounge,dining@hiltonalhabtoorcity.com,https://www.tripadvisor.com/Restaurant_Review-g295424-d10060576-Reviews-V_Lounge-Dubai_Emirate_of_Dubai.html
Public,customerservice@indpt.com,https://www.tripadvisor.com/Restaurant_Review-g295424-d19970075-Reviews-Public-Dubai_Emirate_of_Dubai.html
The City Grill,reservations@thecitygrillsteakhouse.com,https://www.tripadvisor.com/Restaurant_Review-g295424-d11808128-Reviews-The_City_Grill-Dubai_Emirate_of_Dubai.html
Cinque Trattoria,fjvd.dining@fivehotelsandresorts.com,https://www.tripadvisor.com/Restaurant_Review-g295424-d18971372-Reviews-Cinque_Trattoria-Dubai_Emirate_of_Dubai.html
Sushi,restaurants.dubai@hyatt.com,https://www.tripadvisor.com/Restaurant_Review-g295424-d3920686-Reviews-Sushi-Dubai_Emirate_of_Dubai.html
The Farm,info@thefarmdubai.ae,https://www.tripadvisor.com/Restaurant_Review-g295424-d2686117-Reviews-The_Farm-Dubai_Emirate_of_Dubai.html
Carna By Dario Cecchini Dubai,carna.dubai@slshotels.com,https://www.tripadvisor.com/Restaurant_Review-g295424-d23414860-Reviews-Carna_By_Dario_Cecchini_Dubai-Dubai_Emirate_of_Dubai.html
The Talk Restaurant,talk.jumeirahbeach@movenpick.com,https://www.tripadvisor.com/Restaurant_Review-g295424-d3539484-Reviews-The_Talk_Restaurant-Dubai_Emirate_of_Dubai.html
The Dubliner's,restaurants.lmd@lemeridien.com,https://www.tripadvisor.com/Restaurant_Review-g295424-d3926382-Reviews-The_Dubliner_s-Dubai_Emirate_of_Dubai.html
BASTA!,sr.dxbdx.reservations@stregis.com,https://www.tripadvisor.com/Restaurant_Review-g295424-d13343783-Reviews-BASTA-Dubai_Emirate_of_Dubai.html
Cuisines Restaurant,cuisines@crowneplazajumeirah.com,https://www.tripadvisor.com/Restaurant_Review-g295424-d3919020-Reviews-Cuisines_Restaurant-Dubai_Emirate_of_Dubai.html
Asha's Wafi,info@ashasrestaurants.com,https://www.tripadvisor.com/Restaurant_Review-g295424-d2032341-Reviews-Asha_s_Wafi-Dubai_Emirate_of_Dubai.html
Levantera,dine.palmjumeirah@marriotthotels.com,https://www.tripadvisor.com/Restaurant_Review-g295424-d25048573-Reviews-Levantera-Dubai_Emirate_of_Dubai.html
Oceana Kitchen Restaurant,restaurant.jbr@hilton.com,https://www.tripadvisor.com/Restaurant_Review-g295424-d3920063-Reviews-Oceana_Kitchen_Restaurant-Dubai_Emirate_of_Dubai.html
"Barbeque Nation - Al Barsha, Dubai",bm.albarsha@barbequenation.com,https://www.tripadvisor.com/Restaurant_Review-g295424-d11816623-Reviews-Barbeque_Nation_Al_Barsha_Dubai-Dubai_Emirate_of_Dubai.html
La Casa Del Tango Restaurant & Bar,info@lcdtango.com,https://www.tripadvisor.com/Restaurant_Review-g295424-d23431999-Reviews-La_Casa_Del_Tango_Restaurant_Bar-Dubai_Emirate_of_Dubai.html
QD's,,https://www.tripadvisor.com/Restaurant_Review-g295424-d1794765-Reviews-QD_s-Dubai_Emirate_of_Dubai.html
Glo Restaurant,,https://www.tripadvisor.com/Restaurant_Review-g295424-d23393355-Reviews-Glo_Restaurant-Dubai_Emirate_of_Dubai.html
La Serre,reservations@laserre.com,https://www.tripadvisor.com/Restaurant_Review-g295424-d4690476-Reviews-La_Serre-Dubai_Emirate_of_Dubai.html
Look Up Rooftop Bar,laville.dining@autographhotels.com,https://www.tripadvisor.com/Restaurant_Review-g295424-d12639520-Reviews-Look_Up_Rooftop_Bar-Dubai_Emirate_of_Dubai.html
MiMi's Pool Club,,https://www.tripadvisor.com/Restaurant_Review-g295424-d27112461-Reviews-MiMi_s_Pool_Club-Dubai_Emirate_of_Dubai.html
Laguna Beach Taverna & Lounge,dining.palmdubai@sofitel.com,https://www.tripadvisor.com/Restaurant_Review-g295424-d13505472-Reviews-Laguna_Beach_Taverna_Lounge-Dubai_Emirate_of_Dubai.html
Nelson's,,https://www.tripadvisor.com/Restaurant_Review-g295424-d3920019-Reviews-Nelson_s-Dubai_Emirate_of_Dubai.html
Tiger Strikes,events@tigerstrikes.ae,https://www.tripadvisor.com/Restaurant_Review-g295424-d24912651-Reviews-Tiger_Strikes-Dubai_Emirate_of_Dubai.html
Day & Night,ha8v6-fb1@accor.com,https://www.tripadvisor.com/Restaurant_Review-g295424-d14046041-Reviews-Day_Night-Dubai_Emirate_of_Dubai.html
Roaring Rabbit,roaringrabbit.exoticadubai@tajhotels.com,https://www.tripadvisor.com/Restaurant_Review-g295424-d23839553-Reviews-Roaring_Rabbit-Dubai_Emirate_of_Dubai.html
WAWA Dining,info@wawa-dining.co,https://www.tripadvisor.com/Restaurant_Review-g295424-d23218224-Reviews-WAWA_Dining-Dubai_Emirate_of_Dubai.html
Ayla Beach,info@aylapalm.ae,https://www.tripadvisor.com/Restaurant_Review-g295424-d27731255-Reviews-Ayla_Beach-Dubai_Emirate_of_Dubai.html
Casita by Casa Amor,modub-casita@mohg.com,https://www.tripadvisor.com/Restaurant_Review-g295424-d28653322-Reviews-Casita_by_Casa_Amor-Dubai_Emirate_of_Dubai.html
Babel Dubai,reservations@babeldubai.co,https://www.tripadvisor.com/Restaurant_Review-g295424-d26670765-Reviews-Babel_Dubai-Dubai_Emirate_of_Dubai.html
Nuska Beach,restaurants@jumeirah.com,https://www.tripadvisor.com/Restaurant_Review-g295424-d25091659-Reviews-Nuska_Beach-Dubai_Emirate_of_Dubai.html
Paros Dubai,info@parosdubai.com,https://www.tripadvisor.com/Restaurant_Review-g295424-d20051856-Reviews-Paros_Dubai-Dubai_Emirate_of_Dubai.html
Chokhi Dhani,info@chokhidhani.ae,https://www.tripadvisor.com/Restaurant_Review-g295424-d23945712-Reviews-Chokhi_Dhani-Dubai_Emirate_of_Dubai.html
101 Dining Lounge and Marina,info@oneandonlythepalm.com,https://www.tripadvisor.com/Restaurant_Review-g295424-d2045374-Reviews-101_Dining_Lounge_and_Marina-Dubai_Emirate_of_Dubai.html
Ginger Restaurant,ginger@crowneplazajumeirah.com,https://www.tripadvisor.com/Restaurant_Review-g295424-d2688960-Reviews-Ginger_Restaurant-Dubai_Emirate_of_Dubai.html
Mashrabiya Lounge,palm.dining@fairmont.com,https://www.tripadvisor.com/Restaurant_Review-g295424-d19653074-Reviews-Mashrabiya_Lounge-Dubai_Emirate_of_Dubai.html
Black Goose,jumeirah.restaurants@sheraton.com,https://www.tripadvisor.com/Restaurant_Review-g295424-d19431146-Reviews-Black_Goose-Dubai_Emirate_of_Dubai.html
Liwan Restaurant,dining.alghurair@swissotel.com,https://www.tripadvisor.com/Restaurant_Review-g295424-d3925807-Reviews-Liwan_Restaurant-Dubai_Emirate_of_Dubai.html
Al Mandaloun,fadycaesar@gmail.com,https://www.tripadvisor.com/Restaurant_Review-g295424-d3377353-Reviews-Al_Mandaloun-Dubai_Emirate_of_Dubai.html
Ocean Basket Mirdif,restaurant.mcc@oceanbasket.ae,https://www.tripadvisor.com/Restaurant_Review-g295424-d6594165-Reviews-Ocean_Basket_Mirdif-Dubai_Emirate_of_Dubai.html
Phantom House,info@phantomdubai.com,https://www.tripadvisor.com/Restaurant_Review-g295424-d17295151-Reviews-Phantom_House-Dubai_Emirate_of_Dubai.html
Aaliya Shisha Lounge,diningreservation.bb@thefirstcollection.ae,https://www.tripadvisor.com/Restaurant_Review-g295424-d25336795-Reviews-Aaliya_Shisha_Lounge-Dubai_Emirate_of_Dubai.html
Nando's Dubai Mall,customercare@nandosuae.ae,https://www.tripadvisor.com/Restaurant_Review-g295424-d21069821-Reviews-Nando_s_Dubai_Mall-Dubai_Emirate_of_Dubai.html
Josette,reservations@josette.com,https://www.tripadvisor.com/Restaurant_Review-g295424-d25350215-Reviews-Josette-Dubai_Emirate_of_Dubai.html
CQ French Brasserie - Barsha Heights,bh@cqbrasserie.com,https://www.tripadvisor.com/Restaurant_Review-g295424-d34108027-Reviews-CQ_French_Brasserie_Barsha_Heights-Dubai_Emirate_of_Dubai.html
Al Bait Al Qadeem Restaurant and Cafe,bolinasjeshalyn467@gmail.com,https://www.tripadvisor.com/Restaurant_Review-g295424-d6476965-Reviews-Al_Bait_Al_Qadeem_Restaurant_and_Cafe-Dubai_Emirate_of_Dubai.html
Wokyo Noodle Bar Al Seef,noodles@wokyo.com,https://www.tripadvisor.com/Restaurant_Review-g295424-d25438712-Reviews-Wokyo_Noodle_Bar_Al_Seef-Dubai_Emirate_of_Dubai.html
Sahn Eddar,restaurants@jumeirah.com,https://www.tripadvisor.com/Restaurant_Review-g295424-d3920375-Reviews-Sahn_Eddar-Dubai_Emirate_of_Dubai.html
Aspen by Kempinski,dining.moe@kempinski.com,https://www.tripadvisor.com/Restaurant_Review-g295424-d3916401-Reviews-Aspen_by_Kempinski-Dubai_Emirate_of_Dubai.html
The Fountain Restaurant,hotel.burdubai.restaurants@movenpick.com,https://www.tripadvisor.com/Restaurant_Review-g295424-d3919238-Reviews-The_Fountain_Restaurant-Dubai_Emirate_of_Dubai.html
Beastro Dubai,info@bestrodubai.ae,https://www.tripadvisor.com/Restaurant_Review-g295424-d15277027-Reviews-Beastro_Dubai-Dubai_Emirate_of_Dubai.html
Maison Mathis - voco Dubai The Palm,maisonmathis.vocodubaithepalm@ihg.com,https://www.tripadvisor.com/Restaurant_Review-g295424-d25163974-Reviews-Maison_Mathis_voco_Dubai_The_Palm-Dubai_Emirate_of_Dubai.html
Carine,reservations@carine.ae,https://www.tripadvisor.com/Restaurant_Review-g295424-d14081211-Reviews-Carine-Dubai_Emirate_of_Dubai.html
Barefoot Lounge,fnb@dxbmarine.com,https://www.tripadvisor.com/Restaurant_Review-g295424-d8470402-Reviews-Barefoot_Lounge-Dubai_Emirate_of_Dubai.html
St Tropez Bistro,reservations@sttropez.ae,https://www.tripadvisor.com/Restaurant_Review-g295424-d5449375-Reviews-St_Tropez_Bistro-Dubai_Emirate_of_Dubai.html
Osh Del Mar,reservation@oshdelmar.com,https://www.tripadvisor.com/Restaurant_Review-g295424-d15851482-Reviews-Osh_Del_Mar-Dubai_Emirate_of_Dubai.html
Kaimana Beach Dubai,info@kaimanabeach.ae,https://www.tripadvisor.com/Restaurant_Review-g295424-d32716577-Reviews-Kaimana_Beach_Dubai-Dubai_Emirate_of_Dubai.html
Cavalli Nightclub Dubai,reservations@cavallidubai.com,https://www.tripadvisor.com/Restaurant_Review-g295424-d1466531-Reviews-Cavalli_Nightclub_Dubai-Dubai_Emirate_of_Dubai.html
Dinner by Heston Blumenthal,dinnerbyheston@atlantisdubai.com,https://www.tripadvisor.com/Restaurant_Review-g295424-d24006114-Reviews-Dinner_by_Heston_Blumenthal-Dubai_Emirate_of_Dubai.html
La Cantine du Faubourg,book@lacantine.ae,https://www.tripadvisor.com/Restaurant_Review-g295424-d7973156-Reviews-La_Cantine_du_Faubourg-Dubai_Emirate_of_Dubai.html
Mu-Kii Pan Asian Tapas,info@mu-kii.ae,https://www.tripadvisor.com/Restaurant_Review-g295424-d32825468-Reviews-Mu_Kii_Pan_Asian_Tapas-Dubai_Emirate_of_Dubai.html
Des Pardes Restaurant - 24 Hours,despardesdxb@gmail.com,https://www.tripadvisor.com/Restaurant_Review-g295424-d7383301-Reviews-Des_Pardes_Restaurant_24_Hours-Dubai_Emirate_of_Dubai.html
West Beach Bistro & Sports Lounge,douglas.smith@moevenpick.com,https://www.tripadvisor.com/Restaurant_Review-g295424-d3921030-Reviews-West_Beach_Bistro_Sports_Lounge-Dubai_Emirate_of_Dubai.html
Brunch & Cake Wasl 51,social.dubai@brunchandcake.com,https://www.tripadvisor.com/Restaurant_Review-g295424-d17791377-Reviews-Brunch_Cake_Wasl_51-Dubai_Emirate_of_Dubai.html
Arabian Tea House Restaurant & Café-Mercato Mall,branch02@arabianteahouse.com,https://www.tripadvisor.com/Restaurant_Review-g295424-d13173357-Reviews-Arabian_Tea_House_Restaurant_Cafe_Mercato_Mall-Dubai_Emirate_of_Dubai.html
SOON Izakaya,,https://www.tripadvisor.com/Restaurant_Review-g295424-d26132634-Reviews-SOON_Izakaya-Dubai_Emirate_of_Dubai.html
